m,seed,rr_nash_log,rr_utilitarian,rr_egalitarian,rr_time,astar_nash_log,astar_utilitarian,astar_egalitarian,astar_time,astar_nodes,astar_leaves,astar_solutions,astar_converged,astar_improved,astar_is_ef1
10,0,27.188250861932072,1233,159,3.075599670410156e-05,28.375652969093064,1478,243,0.025786876678466797,96,1,1,True,True,True
10,1,26.57901950398308,1072,110,6.532669067382812e-05,28.38454408960846,1513,179,0.007810115814208984,28,1,1,True,True,True
10,2,27.660615990296186,1379,133,2.9087066650390625e-05,28.644513004836643,1556,229,0.0031890869140625,19,1,1,True,True,True
10,3,27.618437548952773,1383,155,2.5987625122070312e-05,28.22499579551521,1428,224,0.012941360473632812,86,1,1,True,True,True
10,4,27.231340545078755,1363,89,2.4080276489257812e-05,28.20125430690768,1420,246,0.005514860153198242,42,1,1,True,True,True
10,5,27.054908180799544,1235,121,3.337860107421875e-05,28.435949857548774,1507,218,0.0024671554565429688,20,1,1,True,True,True
10,6,27.385647369045163,1324,151,2.2649765014648438e-05,28.23501799208769,1453,198,0.005983591079711914,52,1,1,True,True,True
10,7,27.77332824543481,1392,156,2.8848648071289062e-05,28.343903463391626,1452,239,0.00719904899597168,60,1,1,True,True,True
10,8,27.54897127938683,1332,146,2.3126602172851562e-05,28.354360042922284,1460,235,0.002330303192138672,19,1,1,True,True,True
10,9,27.256643327145433,1235,152,2.2411346435546875e-05,28.158670490039107,1411,220,0.016311168670654297,120,1,1,True,True,True
10,10,27.442338914058006,1282,136,2.4318695068359375e-05,28.144301328654326,1434,220,0.013812541961669922,112,1,1,True,True,True
10,11,27.207547997494633,1219,137,2.5272369384765625e-05,28.11911267439208,1391,231,0.015826940536499023,129,1,1,True,True,True
10,12,27.24265127351832,1313,109,2.5033950805664062e-05,28.369307984283633,1473,228,0.005472660064697266,47,1,1,True,True,True
10,13,27.445886471326688,1355,97,2.5510787963867188e-05,28.49098886960073,1526,226,0.005066871643066406,40,1,1,True,True,True
10,14,27.060250384896726,1234,117,2.384185791015625e-05,27.890452087295195,1325,233,0.008777379989624023,73,1,1,True,True,True
10,15,27.78941433897164,1418,151,2.3126602172851562e-05,28.28880461459361,1448,217,0.006387233734130859,55,1,1,True,True,True
10,16,27.664448819862116,1366,146,2.3126602172851562e-05,28.43629421197207,1513,192,0.002583742141723633,22,1,1,True,True,True
10,17,27.159857954115083,1234,141,2.2411346435546875e-05,28.359846158650164,1462,233,0.006319761276245117,48,1,1,True,True,True
10,18,27.09993656869351,1238,113,2.3365020751953125e-05,28.378303414906338,1492,216,0.0031332969665527344,26,1,1,True,True,True
10,19,27.7228582637331,1393,142,4.2438507080078125e-05,28.556122089730117,1531,241,0.003592967987060547,28,1,1,True,True,True
10,20,27.64731198421081,1415,107,2.3365020751953125e-05,28.35841211774326,1490,182,0.004321098327636719,35,1,1,True,True,True
10,21,27.688836676022817,1306,162,2.3126602172851562e-05,28.16974826747333,1409,241,0.004880666732788086,43,1,1,True,True,True
10,22,27.06080324095293,1177,158,2.3603439331054688e-05,28.546124039918148,1528,234,0.003618955612182617,31,1,1,True,True,True
10,23,27.5241395156879,1280,155,2.5033950805664062e-05,28.436627272929787,1503,203,0.008201360702514648,64,1,1,True,True,True
10,24,26.944024401216957,1126,132,3.4332275390625e-05,27.760635064938782,1296,215,0.004276275634765625,36,1,1,True,True,True
10,25,27.699916673085415,1374,160,2.2411346435546875e-05,28.481766529357486,1515,233,0.002377748489379883,20,1,1,True,True,True
10,26,26.67432115527214,1104,107,3.075599670410156e-05,27.929599546489754,1350,205,0.008116722106933594,65,1,1,True,True,True
10,27,26.830743414468635,1158,122,2.3603439331054688e-05,28.413971685724455,1508,202,0.00357818603515625,28,1,1,True,True,True
10,28,26.72767756639359,1149,120,2.4318695068359375e-05,28.081830732025136,1415,197,0.003467082977294922,27,1,1,True,True,True
10,29,26.823703614121733,1227,140,2.2649765014648438e-05,28.21180239137746,1418,232,0.006522655487060547,52,1,1,True,True,True
10,30,27.43348279946757,1308,128,2.4318695068359375e-05,28.53431417820692,1534,223,0.0042266845703125,29,1,1,True,True,True
10,31,27.303166703485303,1263,152,3.409385681152344e-05,28.224696505358263,1441,214,0.011098861694335938,52,1,1,True,True,True
10,32,26.900060544657663,1198,131,2.3365020751953125e-05,28.330298714506114,1489,205,0.006097555160522461,51,1,1,True,True,True
10,33,27.433697898142015,1289,141,2.3365020751953125e-05,28.57235227597549,1535,230,0.002699613571166992,23,1,1,True,True,True
10,34,27.567806070371745,1337,147,2.2172927856445312e-05,28.079253345244485,1400,207,0.009752988815307617,79,1,1,True,True,True
10,35,27.530896273263256,1359,156,2.3365020751953125e-05,28.336290441008483,1480,212,0.0034825801849365234,28,1,1,True,True,True
10,36,27.096787254290742,1213,140,2.2649765014648438e-05,28.040501465780345,1378,202,0.016816377639770508,130,1,1,True,True,True
10,37,27.05615537915102,1269,98,2.4557113647460938e-05,27.852521071519007,1316,229,0.021506309509277344,159,1,1,True,True,True
10,38,27.3194154631053,1343,124,2.5510787963867188e-05,28.616668625675693,1551,233,0.004076242446899414,23,1,1,True,True,True
10,39,27.70778493401749,1468,137,2.47955322265625e-05,28.473760494819786,1519,221,0.0027663707733154297,24,1,1,True,True,True
10,40,27.237735727145242,1266,150,2.7179718017578125e-05,28.453944420928828,1529,181,0.008640766143798828,65,1,1,True,True,True
10,41,27.04841606683816,1229,134,2.47955322265625e-05,28.442673907163325,1507,205,0.001995086669921875,18,1,1,True,True,True
10,42,27.341431219630984,1265,144,2.7179718017578125e-05,28.166748645472296,1428,207,0.010591506958007812,92,1,1,True,True,True
10,43,27.995562748900806,1512,150,2.86102294921875e-05,28.38966876232887,1494,228,0.004929780960083008,26,1,1,True,True,True
10,44,27.515255499273284,1395,104,2.6702880859375e-05,28.71488610065684,1588,245,0.02272963523864746,189,1,1,True,True,True
10,45,27.862963261708067,1402,158,2.6464462280273438e-05,28.57157667242719,1550,198,0.011098384857177734,94,1,1,True,True,True
10,46,27.45896580318688,1294,156,2.5510787963867188e-05,28.17473247302094,1428,210,0.015171527862548828,137,1,1,True,True,True
10,47,26.749965924946682,1145,156,2.47955322265625e-05,28.44606267171757,1503,220,0.010253190994262695,82,1,1,True,True,True
10,48,27.131830884877452,1173,135,2.4557113647460938e-05,28.098453527425228,1404,193,0.007877588272094727,66,1,1,True,True,True
10,49,27.34077087232248,1393,77,2.6226043701171875e-05,28.438651935115782,1523,192,0.006102085113525391,50,1,1,True,True,True
20,0,31.113343708739237,2605,346,9.441375732421875e-05,31.65228972329245,2834,461,0.11431312561035156,672,1,1,True,True,True
20,1,31.05319127332941,2592,336,4.363059997558594e-05,31.58721769646247,2773,511,0.7144126892089844,3924,1,1,True,True,True
20,2,31.06207908587084,2552,375,4.38690185546875e-05,31.69187134767054,2836,511,0.3027048110961914,2240,1,1,True,True,True
20,3,31.316126475926026,2732,346,4.76837158203125e-05,31.778227174345975,2883,536,0.07548308372497559,558,1,1,True,True,True
20,4,31.219886928939786,2675,359,4.363059997558594e-05,31.6768021126482,2834,467,0.0674889087677002,472,1,1,True,True,True
20,5,31.48942992185656,2791,374,4.220008850097656e-05,31.77868188353171,2905,499,0.19101405143737793,1477,1,1,True,True,True
20,6,31.703369173395572,2942,375,4.267692565917969e-05,31.986996129994786,3008,523,0.21367692947387695,1568,1,1,True,True,True
20,7,31.477924318149885,2788,364,4.744529724121094e-05,31.843520950719817,2919,550,0.0249326229095459,190,1,1,True,True,True
20,8,31.209802212214644,2641,362,4.172325134277344e-05,31.874616476685745,2936,529,0.02156996726989746,168,1,1,True,True,True
20,9,31.164203187001263,2624,358,4.315376281738281e-05,31.806471212086727,2896,531,0.10649800300598145,785,1,1,True,True,True
20,10,31.15693788912614,2587,398,4.8160552978515625e-05,31.807754132954464,2905,530,0.1822214126586914,1323,1,1,True,True,True
20,11,31.360517236729024,2700,406,4.315376281738281e-05,31.775858865644363,2900,474,0.4338219165802002,3236,1,1,True,True,True
20,12,31.170566685886342,2642,367,4.38690185546875e-05,31.744457507510994,2871,508,0.47124409675598145,3442,1,1,True,True,True
20,13,31.101921223775182,2625,325,7.43865966796875e-05,31.710817883714594,2840,512,0.2812166213989258,2074,1,1,True,True,True
20,14,31.070267068053067,2576,363,4.4345855712890625e-05,31.51513251408397,2732,486,0.1919419765472412,1400,1,1,True,True,True
20,15,31.16398758867366,2580,382,4.3392181396484375e-05,31.785708170179433,2896,504,0.2786741256713867,2003,1,1,True,True,True
20,16,30.994873854071358,2539,329,6.914138793945312e-05,31.47432102678868,2723,463,0.47174739837646484,3513,1,1,True,True,True
20,17,31.240447606636856,2644,379,4.410743713378906e-05,31.645408214163655,2819,505,0.6499631404876709,4506,1,1,True,True,True
20,18,31.232193888132585,2621,394,4.2438507080078125e-05,31.813930247702856,2915,494,0.05482649803161621,401,1,1,True,True,True
20,19,31.434781189226893,2777,382,4.291534423828125e-05,31.9001831607363,2958,531,0.20805740356445312,1549,1,1,True,True,True
20,20,30.88484001829819,2439,370,4.315376281738281e-05,31.587882293273786,2805,469,0.019707918167114258,154,1,1,True,True,True
20,21,31.263478700435822,2660,350,4.1961669921875e-05,31.626036143896734,2816,421,0.07619094848632812,499,1,1,True,True,True
20,22,31.002749206102525,2537,357,4.267692565917969e-05,31.70947264143436,2844,514,0.1218252182006836,925,1,1,True,True,True
20,23,31.095147228626182,2600,333,6.008148193359375e-05,31.771860960311535,2894,478,0.05177021026611328,314,1,1,True,True,True
20,24,31.42927687962831,2804,366,0.00011777877807617188,31.748708802292015,2878,507,0.35840821266174316,2634,1,1,True,True,True
20,25,31.14362627032019,2620,385,8.344650268554688e-05,31.844299555395544,2921,537,0.2573511600494385,1925,1,1,True,True,True
20,26,31.215672230980793,2654,350,4.220008850097656e-05,31.690601432996004,2828,527,0.1108255386352539,835,1,1,True,True,True
20,27,31.15561448844372,2611,342,4.1961669921875e-05,31.955126183652396,2990,513,0.017232894897460938,138,1,1,True,True,True
20,28,31.09851646798925,2612,345,4.1484832763671875e-05,31.83359346492642,2917,513,0.13005542755126953,979,1,1,True,True,True
20,29,31.34334446862271,2736,370,4.673004150390625e-05,31.80808220873836,2915,472,0.09867238998413086,717,1,1,True,True,True
20,30,31.09657377655095,2581,338,7.915496826171875e-05,31.76764352779648,2874,530,0.01706981658935547,132,1,1,True,True,True
20,31,31.29690037189255,2677,341,4.792213439941406e-05,31.728864380494137,2861,483,0.13132381439208984,999,1,1,True,True,True
20,32,31.220558561501807,2643,383,4.1961669921875e-05,31.69219915926858,2842,465,0.026631832122802734,214,1,1,True,True,True
20,33,31.199051707984175,2629,342,4.172325134277344e-05,31.828827056578675,2969,448,0.030086994171142578,246,1,1,True,True,True
20,34,31.188655095323675,2657,359,8.296966552734375e-05,31.789408935667392,2896,504,0.23809099197387695,1765,1,1,True,True,True
20,35,31.32515976999431,2735,331,4.458427429199219e-05,31.64379835751479,2833,490,0.3839561939239502,2837,1,1,True,True,True
20,36,31.093167173391972,2598,329,4.2438507080078125e-05,31.651919740465278,2807,513,0.01725935935974121,131,1,1,True,True,True
20,37,31.365339202097402,2762,334,4.172325134277344e-05,31.826046901677213,2920,499,0.44667506217956543,3281,1,1,True,True,True
20,38,31.260404650931378,2720,303,4.291534423828125e-05,31.63729561928234,2816,440,2.174755334854126,12829,1,1,True,True,True
20,39,30.96674102813109,2511,329,4.315376281738281e-05,31.65430725946166,2826,463,0.16045093536376953,1190,1,1,True,True,True
20,40,31.207722947620983,2640,372,4.2438507080078125e-05,31.677658083795407,2829,473,0.029011964797973633,224,1,1,True,True,True
20,41,30.88818489794337,2495,324,4.1961669921875e-05,31.52945565992743,2759,469,0.09103822708129883,699,1,1,True,True,True
20,42,31.14970913292148,2617,376,4.267692565917969e-05,31.752251275906442,2864,534,0.11068940162658691,851,1,1,True,True,True
20,43,30.821448426850417,2457,351,4.696846008300781e-05,31.75774467347945,2873,504,0.009520530700683594,75,1,1,True,True,True
20,44,31.150039168168394,2622,362,4.0531158447265625e-05,31.919378505884847,3003,468,0.08482789993286133,675,1,1,True,True,True
20,45,31.275469219948114,2680,368,4.315376281738281e-05,31.68430153621924,2828,492,2.565203905105591,17361,1,1,True,True,True
20,46,31.41876837093288,2770,354,5.125999450683594e-05,31.838540064049347,2915,523,0.01772785186767578,138,1,1,True,True,True
20,47,30.983615460689393,2530,347,4.076957702636719e-05,31.55035349698207,2762,463,0.008639335632324219,69,1,1,True,True,True
20,48,31.06277281889595,2548,364,4.029273986816406e-05,31.66961324130313,2814,537,1.1337764263153076,7920,1,1,True,True,True
20,49,31.152825317652557,2619,324,4.315376281738281e-05,31.592759586640582,2788,470,0.036331892013549805,268,1,1,True,True,True
30,0,33.35571885238553,3987,585,0.00011706352233886719,33.640747201260304,4183,761,2.0489416122436523,14092,1,1,True,True,True
30,1,33.471228629241374,4057,725,6.341934204101562e-05,33.62319928594772,4172,729,0.5567977428436279,4089,1,1,True,True,True
30,2,33.473547934966646,4085,597,6.532669067382812e-05,33.68782851857357,4215,798,0.1088871955871582,789,1,1,True,True,True
30,3,33.25269163495384,3898,639,6.318092346191406e-05,33.61680098798506,4158,764,0.707834005355835,5212,1,1,True,True,True
30,4,33.17027962322131,3828,636,6.341934204101562e-05,33.41768756347872,4000,722,2.8852698802948,18645,1,1,True,True,True
30,5,33.364800420975044,3991,658,7.43865966796875e-05,33.741559798080004,4264,777,0.3851001262664795,2735,1,1,True,True,True
30,6,33.22879113455488,3876,624,7.05718994140625e-05,33.58192843736828,4127,785,0.4218113422393799,2956,1,1,True,True,True
30,7,33.40678345802444,4060,575,6.389617919921875e-05,33.70373346722042,4237,769,0.7914078235626221,5636,1,1,True,True,True
30,8,33.09396625555203,3776,630,6.461143493652344e-05,33.6435227418779,4183,749,0.0643157958984375,485,1,1,True,True,True
30,9,33.472944689506214,4062,658,6.246566772460938e-05,33.83582214422795,4355,790,0.501903772354126,3668,1,1,True,True,True
30,10,33.16655373264384,3820,608,0.00010728836059570312,33.4922145308561,4057,725,1.6104822158813477,9987,1,1,True,True,True
30,11,33.161383543961215,3845,563,0.00011777877807617188,33.587726797735485,4139,755,0.05992412567138672,392,1,1,True,True,True
30,12,33.38913382600873,4002,636,6.818771362304688e-05,33.67430036182553,4204,783,0.5266392230987549,3138,1,1,True,True,True
30,13,33.56356005691217,4160,615,6.389617919921875e-05,33.81651945895596,4327,826,0.6053712368011475,3317,1,1,True,True,True
30,14,33.4942627833822,4070,681,9.179115295410156e-05,33.69488207295194,4223,783,1.1527726650238037,5780,1,1,True,True,True
30,15,33.0798065634115,3756,629,6.67572021484375e-05,33.58612403161359,4138,772,1.8956658840179443,11901,1,1,True,True,True
30,16,33.36256174622646,3982,656,6.341934204101562e-05,33.72256459478837,4249,773,0.5520148277282715,3923,1,1,True,True,True
30,17,33.525409642782506,4107,649,0.0001068115234375,33.7324994316806,4276,753,1.1457116603851318,7752,1,1,True,True,True
30,18,33.21662952847649,3865,589,6.437301635742188e-05,33.609099874245295,4158,754,0.4986560344696045,3587,1,1,True,True,True
30,19,33.36637090178806,4004,601,6.914138793945312e-05,33.65585346323393,4215,740,0.9759118556976318,6854,1,1,True,True,True
30,20,33.342534324657855,3948,703,6.914138793945312e-05,33.66263878003028,4213,766,5.4928059577941895,30731,1,1,True,True,True
30,21,33.22716143120532,3869,649,6.413459777832031e-05,33.520721015688025,4082,739,2.5292322635650635,17872,1,1,True,True,True
30,22,33.35181276995489,3953,726,7.009506225585938e-05,33.80749622496766,4321,793,0.5591936111450195,4173,1,1,True,True,True
30,23,33.163037237077006,3874,582,6.461143493652344e-05,33.613188065816324,4162,726,0.7044947147369385,5381,1,1,True,True,True
30,24,33.20890252705057,3861,611,6.985664367675781e-05,33.687237345742346,4222,766,0.3293893337249756,2469,1,1,True,True,True
30,25,33.38078976725298,4084,609,6.461143493652344e-05,33.70262823592604,4233,808,1.4130353927612305,10060,1,1,True,True,True
30,26,33.39440970836765,4040,644,6.508827209472656e-05,33.39440970836765,4040,644,15.227622509002686,81005,0,0,False,False,True
30,27,33.58271528725461,4171,641,0.00010418891906738281,33.764709646852594,4289,788,2.134237766265869,15868,1,1,True,True,True
30,28,33.4195421176763,4030,614,6.341934204101562e-05,33.688647646684174,4226,756,0.7724545001983643,5878,1,1,True,True,True
30,29,33.36450531284964,3988,619,6.890296936035156e-05,33.71958299396648,4253,733,0.3664424419403076,2709,1,1,True,True,True
30,30,33.48155717377156,4055,741,6.270408630371094e-05,33.736211874854554,4267,746,2.876286029815674,19997,1,1,True,True,True
30,31,33.19645851598968,3881,561,6.508827209472656e-05,33.64177358635475,4193,716,3.579092502593994,25166,1,1,True,True,True
30,32,33.09383523270109,3769,648,6.842613220214844e-05,33.46064011097285,4033,752,0.5639529228210449,4162,1,1,True,True,True
30,33,33.40281008131261,4018,660,0.0001068115234375,33.6686984722904,4197,818,0.1488790512084961,1129,1,1,True,True,True
30,34,33.1222804960926,3806,618,6.389617919921875e-05,33.55699177173258,4108,769,0.8667001724243164,6279,1,1,True,True,True
30,35,33.2988388318682,3914,670,6.461143493652344e-05,33.583350561876294,4129,778,1.4675207138061523,10220,1,1,True,True,True
30,36,33.347414161917435,3996,613,6.413459777832031e-05,33.580949548947956,4128,780,0.9129257202148438,6175,1,1,True,True,True
30,37,33.172453741991994,3827,644,6.437301635742188e-05,33.7189251775144,4246,795,0.5481231212615967,3610,1,1,True,True,True
30,38,33.621462937648765,4233,561,0.00013136863708496094,33.84508444585897,4375,791,3.3032970428466797,21584,1,1,True,True,True
30,39,33.41988874190558,4027,625,6.985664367675781e-05,33.70536263204546,4231,796,2.3718314170837402,16385,1,1,True,True,True
30,40,33.135568349154795,3813,603,6.723403930664062e-05,33.510595636816554,4078,737,5.881937503814697,39617,1,1,True,True,True
30,41,33.471694650518046,4060,653,7.05718994140625e-05,33.67414271031381,4211,758,0.10393977165222168,664,1,1,True,True,True
30,42,33.380474510494075,4000,629,6.461143493652344e-05,33.79890493089231,4317,785,0.8779685497283936,6036,1,1,True,True,True
30,43,33.21602307648941,3880,611,6.890296936035156e-05,33.580741195233095,4129,770,0.10783195495605469,826,1,1,True,True,True
30,44,33.407873146374115,4014,659,6.890296936035156e-05,33.407873146374115,4014,659,15.000268697738647,79860,0,0,False,False,True
30,45,33.13491016044113,3805,603,6.318092346191406e-05,33.5747631553525,4120,792,0.5455820560455322,3997,1,1,True,True,True
30,46,33.632227004101736,4199,650,6.270408630371094e-05,33.7417038817693,4259,836,0.24628257751464844,1771,1,1,True,True,True
30,47,33.54859171427946,4137,648,6.246566772460938e-05,33.702876796791635,4231,763,0.11690688133239746,879,1,1,True,True,True
30,48,33.04343272057326,3761,599,6.198883056640625e-05,33.643293724682906,4183,764,0.37090396881103516,2758,1,1,True,True,True
30,49,33.474335145132756,4067,654,6.651878356933594e-05,33.677399869380174,4222,792,0.5562286376953125,4128,1,1,True,True,True
40,0,34.93174424908341,5485,874,8.940696716308594e-05,34.93174424908341,5485,874,15.000139474868774,92640,0,0,False,False,True
40,1,35.090482137418405,5607,1019,8.988380432128906e-05,35.33010854791635,5864,1039,0.23732447624206543,1688,1,1,True,True,True
40,2,35.03763819074887,5549,1030,9.012222290039062e-05,35.03763819074887,5549,1030,15.000050783157349,93293,0,0,False,False,True
40,3,34.926619255080766,5434,945,0.00010251998901367188,35.260037697067084,5779,1070,0.07054638862609863,387,1,1,True,True,True
40,4,35.048531639684846,5560,1006,8.988380432128906e-05,35.250368064866024,5762,1122,5.547945976257324,34148,1,1,True,True,True
40,5,35.14396767837682,5684,1043,0.00011968612670898438,35.40467531185671,5948,1104,0.21738672256469727,1592,1,1,True,True,True
40,6,34.964554886191664,5483,1016,8.96453857421875e-05,34.964554886191664,5483,1016,15.234002113342285,85856,0,0,False,False,True
40,7,35.1830307259027,5706,1045,9.250640869140625e-05,35.37309358240982,5908,1114,2.032348155975342,14389,1,1,True,True,True
40,8,35.11874970318861,5617,1042,9.322166442871094e-05,35.35627691709683,5886,1130,0.04074239730834961,296,1,1,True,True,True
40,9,34.93602078759672,5447,859,0.000110626220703125,34.93602078759672,5447,859,15.000099658966064,86948,0,0,False,False,True
40,10,34.766042355407905,5243,938,0.0001494884490966797,34.99272817411606,5488,1004,9.6363205909729,60128,1,1,True,True,True
40,11,34.8995378614744,5394,963,0.00012993812561035156,34.8995378614744,5394,963,15.000074625015259,91370,0,0,False,False,True
40,12,35.01194060439023,5515,996,0.00012159347534179688,35.301385561502585,5827,1107,0.13092660903930664,960,1,1,True,True,True
40,13,35.141538060860746,5654,1001,9.465217590332031e-05,35.141538060860746,5654,1001,15.000059843063354,91506,0,0,False,False,True
40,14,35.07652633712292,5590,986,9.608268737792969e-05,35.38510613948497,5923,1134,1.6194896697998047,11080,1,1,True,True,True
40,15,35.00513309367808,5500,1038,0.00012111663818359375,35.22107025655729,5732,1078,0.6768946647644043,4706,1,1,True,True,True
40,16,34.99282815950364,5482,1018,9.369850158691406e-05,34.99282815950364,5482,1018,15.000090837478638,91917,0,0,False,False,True
40,17,34.98333171102101,5492,911,9.083747863769531e-05,35.30452304695937,5837,1047,14.28822636604309,86902,1,1,True,True,True
40,18,34.957646936169155,5444,1013,0.00012373924255371094,34.957646936169155,5444,1013,15.000099420547485,89105,0,0,False,False,True
40,19,34.84559641382878,5339,901,9.489059448242188e-05,35.11090644648584,5602,1088,2.8052661418914795,19142,1,1,True,True,True
40,20,34.87540562088997,5359,941,9.179115295410156e-05,34.87540562088997,5359,941,15.000075578689575,95090,0,0,False,False,True
40,21,35.04423178200675,5561,962,9.655952453613281e-05,35.29760992833964,5833,1052,3.144495725631714,21906,1,1,True,True,True
40,22,34.83187255537066,5323,917,8.869171142578125e-05,34.83187255537066,5323,917,15.000016450881958,97477,0,0,False,False,True
40,23,34.785035129169465,5286,893,9.751319885253906e-05,35.09811072160748,5591,1066,1.0290696620941162,7392,1,1,True,True,True
40,24,34.99259559292065,5506,918,9.107589721679688e-05,35.23097884894815,5749,1061,0.8301112651824951,6170,1,1,True,True,True
40,25,35.028952293785146,5519,1027,9.679794311523438e-05,35.32567565024931,5850,1130,2.3468902111053467,16533,1,1,True,True,True
40,26,34.90251974921546,5377,1008,9.179115295410156e-05,35.17068740788576,5673,1087,2.2411510944366455,15858,1,1,True,True,True
40,27,34.86825621507426,5377,866,0.00010323524475097656,34.86825621507426,5377,866,15.000187873840332,96964,0,0,False,False,True
40,28,34.72139349000223,5192,949,9.393692016601562e-05,34.72139349000223,5192,949,15.00002932548523,100085,0,0,False,False,True
40,29,34.9159420273371,5408,938,9.012222290039062e-05,35.26811320828311,5790,1063,6.770397663116455,46106,1,1,True,True,True
40,30,35.003545217109945,5501,977,9.489059448242188e-05,35.16227164514976,5664,1051,1.6035172939300537,11271,1,1,True,True,True
40,31,35.05299408295178,5561,958,9.202957153320312e-05,35.31558864399636,5838,1104,8.376288890838623,54213,1,1,True,True,True
40,32,35.24920063844074,5767,1068,0.00012993812561035156,35.47026330204629,6028,1150,12.406559228897095,77140,1,1,True,True,True
40,33,35.057384545063876,5557,1012,9.298324584960938e-05,35.057384545063876,5557,1012,15.000009059906006,96218,0,0,False,False,True
40,34,35.134750479000694,5634,1086,9.465217590332031e-05,35.36233058711753,5900,1096,7.2764973640441895,46924,1,1,True,True,True
40,35,34.97981113931095,5462,1041,9.1552734375e-05,34.97981113931095,5462,1041,15.000060796737671,93855,0,0,False,False,True
40,36,34.90475419463088,5401,988,9.250640869140625e-05,34.90475419463088,5401,988,15.000163793563843,94557,0,0,False,False,True
40,37,35.06645667964394,5582,1004,9.417533874511719e-05,35.255473282256155,5780,1030,1.8751027584075928,13356,1,1,True,True,True
40,38,35.140772236168296,5657,1026,9.1552734375e-05,35.140772236168296,5657,1026,15.000090599060059,96084,0,0,False,False,True
40,39,35.09314328419497,5599,1033,9.417533874511719e-05,35.26683215494249,5793,1056,0.4850938320159912,3597,1,1,True,True,True
40,40,34.84939487644482,5338,946,9.107589721679688e-05,35.168571215059316,5669,1089,1.2095246315002441,7445,1,1,True,True,True
40,41,35.16296514561556,5669,1070,0.0003120899200439453,35.34980193044916,5883,1068,0.33075618743896484,2108,1,1,True,True,True
40,42,35.03948275866528,5526,1034,9.632110595703125e-05,35.201277791510236,5720,1031,1.9836702346801758,13493,1,1,True,True,True
40,43,34.994991778182595,5488,1010,9.34600830078125e-05,35.31657116277043,5860,1043,3.1807057857513428,20637,1,1,True,True,True
40,44,34.99129944849298,5485,963,9.107589721679688e-05,35.14262457988876,5642,1085,0.6385445594787598,4326,1,1,True,True,True
40,45,35.00379328043644,5519,885,9.560585021972656e-05,35.00379328043644,5519,885,15.000105619430542,87828,0,0,False,False,True
40,46,35.16696614543084,5714,960,0.000148773193359375,35.38292400449302,5929,1032,11.93974494934082,67625,1,1,True,True,True
40,47,34.902136300001786,5386,957,0.0001010894775390625,34.902136300001786,5386,957,15.000054836273193,90742,0,0,False,False,True
40,48,34.84241137752692,5323,987,9.512901306152344e-05,35.276187562149055,5795,1092,3.1825037002563477,19750,1,1,True,True,True
40,49,34.84433704665038,5367,833,9.107589721679688e-05,35.2300476245816,5739,1090,0.7911930084228516,5512,1,1,True,True,True
50,0,36.06483128544561,6793,1292,0.00012373924255371094,36.06483128544561,6793,1292,20.000207662582397,119515,0,0,False,False,True
50,1,36.12631574753999,6886,1240,0.0001327991485595703,36.12631574753999,6886,1240,20.000019311904907,124028,0,0,False,False,True
50,2,35.94471436043517,6625,1271,0.00012612342834472656,36.31069206839892,7127,1356,12.087843418121338,76237,1,1,True,True,True
50,3,36.173990592591935,6944,1286,0.00012803077697753906,36.173990592591935,6944,1286,20.000009775161743,120959,0,0,False,False,True
50,4,36.133289880120046,6886,1271,0.000156402587890625,36.463493806366856,7350,1344,7.6232898235321045,47681,1,1,True,True,True
50,5,36.2058510518353,7007,1197,0.00013327598571777344,36.4114481305123,7269,1388,0.12263345718383789,896,1,1,True,True,True
50,6,36.193566592375205,6977,1236,0.0001239776611328125,36.324495203653925,7146,1352,5.359631776809692,35827,1,1,True,True,True
50,7,36.115879483413266,6873,1274,0.000125885009765625,36.115879483413266,6873,1274,20.00012516975403,119462,0,0,False,False,True
50,8,36.24537351069171,7071,1178,0.00012302398681640625,36.24537351069171,7071,1178,20.000055074691772,122311,0,0,False,False,True
50,9,36.24212921566729,7040,1293,0.00012350082397460938,36.50243390622162,7404,1432,0.8487551212310791,5855,1,1,True,True,True
50,10,36.11794038284604,6864,1235,0.00013303756713867188,36.11794038284604,6864,1235,20.000133752822876,98629,0,0,False,False,True
50,11,36.31869800611237,7170,1277,0.0001888275146484375,36.31869800611237,7170,1277,20.000131607055664,119792,0,0,False,False,True
50,12,36.26970931869979,7114,1190,0.0001239776611328125,36.44577983321314,7323,1362,6.767893075942993,37733,1,1,True,True,True
50,13,36.270657260333174,7067,1352,0.0001251697540283203,36.270657260333174,7067,1352,20.000060081481934,120607,0,0,False,False,True
50,14,36.0891875841419,6818,1304,0.00012922286987304688,36.0891875841419,6818,1304,20.00007939338684,123639,0,0,False,False,True
50,15,36.197566588754455,6988,1228,0.00020313262939453125,36.197566588754455,6988,1228,20.55042290687561,118213,0,0,False,False,True
50,16,36.271854646182554,7088,1284,0.0003631114959716797,36.45767097545054,7340,1391,9.920854568481445,57495,1,1,True,True,True
50,17,36.10000012851626,6853,1191,0.00013017654418945312,36.23669769023762,7021,1355,7.704830646514893,50892,1,1,True,True,True
50,18,36.04877777784159,6804,1093,0.00012540817260742188,36.04877777784159,6804,1093,20.000072956085205,124796,0,0,False,False,True
50,19,36.153029210332065,6937,1185,0.00013113021850585938,36.35815620871066,7192,1377,9.983530759811401,64539,1,1,True,True,True
50,20,36.14522710729437,6913,1248,0.00012803077697753906,36.14522710729437,6913,1248,20.000009298324585,128221,0,0,False,False,True
50,21,36.318448511124686,7161,1232,0.0001239776611328125,36.318448511124686,7161,1232,20.000121593475342,121928,0,0,False,False,True
50,22,36.25039845446875,7079,1172,0.00013709068298339844,36.25039845446875,7079,1172,20.000078439712524,126756,0,0,False,False,True
50,23,36.154833788345314,6920,1268,0.0001347064971923828,36.38417718445386,7231,1397,0.17038393020629883,1252,1,1,True,True,True
50,24,36.21862734687749,7005,1265,0.00016355514526367188,36.21862734687749,7005,1265,20.001442432403564,126864,0,0,False,False,True
50,25,36.17446941225191,6937,1332,0.00012373924255371094,36.17446941225191,6937,1332,20.00014877319336,125030,0,0,False,False,True
50,26,36.425990541509194,7296,1368,0.00012564659118652344,36.425990541509194,7296,1368,20.000001668930054,127822,0,0,False,False,True
50,27,35.979079038117305,6703,1164,0.00012803077697753906,35.979079038117305,6703,1164,20.002336502075195,129440,0,0,False,False,True
50,28,36.09959261061762,6853,1224,0.00012445449829101562,36.09959261061762,6853,1224,20.000165462493896,127114,0,0,False,False,True
50,29,36.20966406621368,6997,1259,0.00015163421630859375,36.20966406621368,6997,1259,20.000053644180298,131395,0,0,False,False,True
50,30,36.07731931340004,6807,1281,0.0001227855682373047,36.346369535609064,7194,1318,19.72969889640808,125413,1,1,True,True,True
50,31,36.028807202029334,6749,1205,0.00014662742614746094,36.028807202029334,6749,1205,20.000049591064453,127097,0,0,False,False,True
50,32,36.05375854261388,6805,1098,0.00011968612670898438,36.05375854261388,6805,1098,20.000046968460083,128099,0,0,False,False,True
50,33,36.04818954382528,6792,1208,0.00016236305236816406,36.04818954382528,6792,1208,20.098904132843018,129464,0,0,False,False,True
50,34,36.17661839147851,6940,1308,0.00012421607971191406,36.17661839147851,6940,1308,20.00000524520874,124495,0,0,False,False,True
50,35,36.32864777968521,7173,1280,0.0001227855682373047,36.59991221051582,7551,1449,1.9170575141906738,14024,1,1,True,True,True
50,36,35.959550623816135,6656,1233,0.0001227855682373047,36.28397878345995,7085,1379,10.793488502502441,68679,1,1,True,True,True
50,37,36.43354816146887,7317,1324,0.00023365020751953125,36.55133205799141,7478,1435,1.3407025337219238,8868,1,1,True,True,True
50,38,36.17783025567416,6981,1135,0.00015854835510253906,36.17783025567416,6981,1135,20.00000262260437,115709,0,0,False,False,True
50,39,36.39279576950951,7257,1291,0.00012540817260742188,36.521117854904105,7430,1432,0.5975396633148193,4012,1,1,True,True,True
50,40,36.305237421108906,7142,1207,0.00020241737365722656,36.5496915470946,7477,1421,2.1087396144866943,13176,1,1,True,True,True
50,41,36.18362292401627,6953,1318,0.0002703666687011719,36.376330758539964,7224,1363,7.349435329437256,42602,1,1,True,True,True
50,42,36.13681603760244,6895,1251,0.00022149085998535156,36.13681603760244,6895,1251,20.000054836273193,123086,0,0,False,False,True
50,43,36.27627604917682,7086,1279,0.00012302398681640625,36.45462001430934,7340,1334,1.6459863185882568,11813,1,1,True,True,True
50,44,36.3644339824028,7234,1257,0.0001838207244873047,36.450653020006754,7331,1415,9.277762413024902,49327,1,1,True,True,True
50,45,36.28250108987333,7098,1253,0.0002491474151611328,36.47199974125799,7359,1428,13.638772964477539,79948,1,1,True,True,True
50,46,36.05128040370158,6770,1260,0.0001361370086669922,36.2525834551687,7048,1283,8.978140354156494,57307,1,1,True,True,True
50,47,36.30250561073602,7126,1277,0.0001220703125,36.46628636950122,7357,1328,9.508613348007202,63482,1,1,True,True,True
50,48,36.435868441063036,7327,1312,0.00012302398681640625,36.5545296938877,7483,1411,1.3887803554534912,9552,1,1,True,True,True
50,49,36.15774641756112,6920,1279,0.000125885009765625,36.15774641756112,6920,1279,20.000096797943115,119288,0,0,False,False,True
