m,seed,rr_nash_log,rr_utilitarian,rr_egalitarian,rr_time,rr_is_ef1,rr_is_ef,astar_nash_log,astar_utilitarian,astar_egalitarian,astar_time,astar_nodes,astar_leaves,astar_solutions,astar_converged,astar_improved,astar_is_ef1,astar_is_ef,rr_player_order
10,0,27.188250861932072,1233,159,5.626678466796875e-05,True,False,28.375652969093064,1478,243,0.0183131694793701,96,1,1,True,True,True,False,"[1, 3, 0, 2, 4]"
10,1,26.57901950398308,1072,110,2.789497375488281e-05,True,False,28.38454408960846,1513,179,0.0044715404510498,28,1,1,True,True,True,False,"[4, 1, 3, 0, 2]"
10,2,27.660615990296183,1379,133,2.646446228027344e-05,True,False,28.644513004836643,1556,229,0.0027298927307128,19,1,1,True,True,True,False,"[4, 2, 0, 1, 3]"
10,3,27.618437548952773,1383,155,2.47955322265625e-05,True,False,28.22499579551521,1428,224,0.013420820236206,86,1,1,True,True,True,False,"[2, 3, 4, 0, 1]"
10,4,27.231340545078755,1363,89,3.0040740966796875e-05,True,False,28.20125430690768,1420,246,0.0066070556640625,42,1,1,True,True,True,False,"[1, 0, 2, 3, 4]"
10,5,27.054908180799544,1235,121,2.694129943847656e-05,True,False,28.43594985754877,1507,218,0.0031039714813232,20,1,1,True,True,True,False,"[2, 1, 0, 3, 4]"
10,6,27.385647369045163,1324,151,2.5272369384765625e-05,True,False,28.23501799208769,1453,198,0.0076887607574462,52,1,1,True,True,True,False,"[4, 2, 3, 0, 1]"
10,7,27.77332824543481,1392,156,2.47955322265625e-05,True,False,28.343903463391623,1452,239,0.0090658664703369,60,1,1,True,True,True,False,"[1, 3, 0, 4, 2]"
10,8,27.54897127938683,1332,146,2.574920654296875e-05,True,False,28.354360042922284,1460,235,0.0031085014343261,19,1,1,True,True,True,False,"[0, 2, 4, 3, 1]"
10,9,27.256643327145436,1235,152,2.5272369384765625e-05,True,False,28.158670490039107,1411,220,0.0203890800476074,120,1,1,True,True,True,False,"[4, 0, 3, 1, 2]"
10,10,27.44233891405801,1282,136,2.5987625122070312e-05,True,False,28.14430132865433,1434,220,0.020350694656372,112,1,1,True,True,True,False,"[3, 1, 0, 2, 4]"
10,11,27.207547997494636,1219,137,2.694129943847656e-05,True,False,28.11911267439208,1391,231,0.0205154418945312,129,1,1,True,True,True,False,"[0, 4, 3, 2, 1]"
10,12,27.24265127351832,1313,109,3.695487976074219e-05,True,False,28.369307984283637,1473,228,0.0071966648101806,47,1,1,True,True,True,False,"[1, 2, 0, 4, 3]"
10,13,27.445886471326688,1355,97,2.694129943847656e-05,True,False,28.49098886960073,1526,226,0.0063080787658691,40,1,1,True,True,True,False,"[4, 1, 0, 3, 2]"
10,14,27.06025038489673,1234,117,2.813339233398437e-05,True,False,27.890452087295195,1325,233,0.0113527774810791,73,1,1,True,True,True,False,"[0, 4, 2, 1, 3]"
10,15,27.78941433897164,1418,151,2.694129943847656e-05,True,False,28.28880461459361,1448,217,0.0082666873931884,55,1,1,True,True,True,False,"[0, 3, 2, 4, 1]"
10,16,27.66444881986212,1366,146,2.6226043701171875e-05,True,False,28.43629421197207,1513,192,0.0033674240112304,22,1,1,True,True,True,False,"[1, 4, 0, 2, 3]"
10,17,27.159857954115083,1234,141,2.5272369384765625e-05,True,False,28.359846158650164,1462,233,0.0071167945861816,48,1,1,True,True,True,False,"[0, 2, 1, 3, 4]"
10,18,27.09993656869351,1238,113,7.390975952148438e-05,True,False,28.378303414906338,1492,216,0.0041205883026123,26,1,1,True,True,True,False,"[2, 3, 0, 1, 4]"
10,19,27.7228582637331,1393,142,2.4557113647460938e-05,True,False,28.55612208973012,1531,241,0.004061222076416,28,1,1,True,True,True,False,"[1, 2, 0, 4, 3]"
10,20,27.64731198421081,1415,107,3.123283386230469e-05,True,False,28.35841211774326,1490,182,0.0053389072418212,35,1,1,True,True,True,False,"[2, 3, 1, 4, 0]"
10,21,27.688836676022817,1306,162,2.4557113647460938e-05,True,False,28.16974826747333,1409,241,0.006683349609375,43,1,1,True,True,True,False,"[1, 0, 2, 3, 4]"
10,22,27.06080324095293,1177,158,2.574920654296875e-05,True,False,28.546124039918148,1528,234,0.0050787925720214,31,1,1,True,True,True,False,"[0, 1, 4, 2, 3]"
10,23,27.5241395156879,1280,155,2.646446228027344e-05,True,False,28.436627272929787,1503,203,0.0102410316467285,64,1,1,True,True,True,False,"[0, 3, 4, 2, 1]"
10,24,26.94402440121696,1126,132,2.646446228027344e-05,True,False,27.760635064938786,1296,215,0.0057020187377929,36,1,1,True,True,True,False,"[4, 3, 2, 0, 1]"
10,25,27.69991667308541,1374,160,2.5033950805664062e-05,True,False,28.48176652935749,1515,233,0.0031573772430419,20,1,1,True,True,True,False,"[2, 1, 4, 0, 3]"
10,26,26.67432115527214,1104,107,2.646446228027344e-05,True,False,27.929599546489754,1350,205,0.0104045867919921,65,1,1,True,True,True,False,"[0, 2, 3, 1, 4]"
10,27,26.830743414468635,1158,122,2.694129943847656e-05,True,False,28.41397168572445,1508,202,0.0043287277221679,28,1,1,True,True,True,False,"[4, 2, 0, 3, 1]"
10,28,26.72767756639359,1149,120,2.6226043701171875e-05,True,False,28.081830732025136,1415,197,0.0039536952972412,27,1,1,True,True,True,False,"[4, 3, 0, 1, 2]"
10,29,26.823703614121733,1227,140,2.5033950805664062e-05,True,False,28.21180239137746,1418,232,0.007082462310791,52,1,1,True,True,True,False,"[4, 2, 0, 3, 1]"
10,30,27.43348279946757,1308,128,2.5510787963867188e-05,True,False,28.53431417820692,1534,223,0.0039899349212646,29,1,1,True,True,True,False,"[1, 0, 3, 2, 4]"
10,31,27.303166703485303,1263,152,5.698204040527344e-05,True,False,28.224696505358263,1441,214,0.0081417560577392,52,1,1,True,True,True,False,"[1, 3, 4, 0, 2]"
10,32,26.900060544657663,1198,131,2.5272369384765625e-05,True,False,28.330298714506117,1489,205,0.0078163146972656,51,1,1,True,True,True,False,"[2, 4, 1, 3, 0]"
10,33,27.43369789814201,1289,141,2.5510787963867188e-05,True,False,28.57235227597549,1535,230,0.0035760402679443,23,1,1,True,True,True,False,"[3, 0, 2, 1, 4]"
10,34,27.567806070371745,1337,147,2.5033950805664062e-05,True,False,28.079253345244485,1400,207,0.0125222206115722,79,1,1,True,True,True,False,"[1, 0, 2, 3, 4]"
10,35,27.530896273263256,1359,156,2.813339233398437e-05,True,False,28.336290441008483,1480,212,0.0071380138397216,28,1,1,True,True,True,False,"[2, 1, 3, 0, 4]"
10,36,27.096787254290746,1213,140,4.696846008300781e-05,True,False,28.040501465780345,1378,202,0.0358355045318603,130,1,1,True,True,True,False,"[1, 0, 3, 4, 2]"
10,37,27.05615537915102,1269,98,3.886222839355469e-05,True,False,27.852521071519007,1316,229,0.0459275245666503,159,1,1,True,True,True,False,"[0, 2, 3, 4, 1]"
10,38,27.3194154631053,1343,124,4.267692565917969e-05,True,False,28.616668625675693,1551,233,0.0065541267395019,23,1,1,True,True,True,False,"[4, 1, 3, 2, 0]"
10,39,27.70778493401749,1468,137,3.790855407714844e-05,True,False,28.473760494819786,1519,221,0.006244421005249,24,1,1,True,True,True,False,"[2, 0, 3, 4, 1]"
10,40,27.23773572714524,1266,150,3.743171691894531e-05,True,False,28.453944420928828,1529,181,0.0170004367828369,65,1,1,True,True,True,False,"[4, 1, 3, 2, 0]"
10,41,27.04841606683816,1229,134,4.172325134277344e-05,True,False,28.442673907163325,1507,205,0.0027379989624023,18,1,1,True,True,True,False,"[0, 1, 4, 2, 3]"
10,42,27.341431219630984,1265,144,2.5510787963867188e-05,True,False,28.166748645472296,1428,207,0.0215790271759033,92,1,1,True,True,True,False,"[4, 1, 0, 3, 2]"
10,43,27.99556274890081,1512,150,4.1961669921875e-05,True,False,28.38966876232887,1494,228,0.0074207782745361,26,1,1,True,True,True,False,"[3, 1, 4, 2, 0]"
10,44,27.515255499273284,1395,104,4.38690185546875e-05,True,False,28.71488610065684,1588,245,0.0485913753509521,189,1,1,True,True,True,False,"[3, 0, 4, 2, 1]"
10,45,27.862963261708067,1402,158,2.9802322387695312e-05,True,False,28.57157667242719,1550,198,0.0140423774719238,94,1,1,True,True,True,False,"[4, 1, 3, 0, 2]"
10,46,27.45896580318688,1294,156,2.789497375488281e-05,True,False,28.17473247302094,1428,210,0.0199675559997558,137,1,1,True,True,True,False,"[4, 0, 1, 3, 2]"
10,47,26.74996592494668,1145,156,2.7179718017578125e-05,True,False,28.44606267171757,1503,220,0.0130643844604492,82,1,1,True,True,True,False,"[0, 2, 1, 4, 3]"
10,48,27.13183088487745,1173,135,2.86102294921875e-05,True,False,28.098453527425228,1404,193,0.010167121887207,66,1,1,True,True,True,False,"[4, 2, 1, 3, 0]"
10,49,27.34077087232248,1393,77,2.5987625122070312e-05,True,False,28.438651935115782,1523,192,0.007620096206665,50,1,1,True,True,True,False,"[4, 1, 2, 3, 0]"
20,0,31.11334370873924,2605,346,5.245208740234375e-05,True,False,31.65228972329245,2834,461,0.1402020454406738,672,1,1,True,True,True,False,"[0, 4, 1, 2, 3]"
20,1,31.05319127332941,2592,336,4.7206878662109375e-05,True,False,31.58721769646247,2773,511,0.8855874538421631,3924,1,1,True,True,True,True,"[0, 3, 1, 4, 2]"
20,2,31.06207908587084,2552,375,5.221366882324219e-05,True,False,31.69187134767054,2836,511,0.399942398071289,2240,1,1,True,True,True,False,"[4, 1, 0, 3, 2]"
20,3,31.316126475926023,2732,346,4.863739013671875e-05,True,False,31.77822717434597,2883,536,0.1022028923034668,558,1,1,True,True,True,False,"[1, 2, 3, 4, 0]"
20,4,31.219886928939783,2675,359,6.556510925292969e-05,True,False,31.6768021126482,2834,467,0.0878667831420898,472,1,1,True,True,True,False,"[2, 3, 1, 4, 0]"
20,5,31.48942992185656,2791,374,8.869171142578125e-05,True,False,31.77868188353171,2905,499,0.2589888572692871,1477,1,1,True,True,True,False,"[4, 3, 1, 2, 0]"
20,6,31.70336917339557,2942,375,5.030632019042969e-05,True,False,31.986996129994782,3008,523,0.2896814346313476,1568,1,1,True,True,True,True,"[2, 1, 3, 4, 0]"
20,7,31.477924318149885,2788,364,4.935264587402344e-05,True,False,31.843520950719817,2919,550,0.0335288047790527,190,1,1,True,True,True,True,"[3, 4, 2, 0, 1]"
20,8,31.209802212214644,2641,362,4.839897155761719e-05,True,False,31.874616476685745,2936,529,0.028254747390747,168,1,1,True,True,True,True,"[1, 0, 4, 2, 3]"
20,9,31.164203187001263,2624,358,4.9591064453125e-05,True,False,31.806471212086727,2896,531,0.1529412269592285,785,1,1,True,True,True,True,"[0, 4, 3, 1, 2]"
20,10,31.15693788912614,2587,398,5.221366882324219e-05,True,False,31.807754132954464,2905,530,0.2496798038482666,1323,1,1,True,True,True,True,"[1, 3, 4, 0, 2]"
20,11,31.360517236729024,2700,406,4.792213439941406e-05,True,False,31.775858865644363,2900,474,0.576197624206543,3236,1,1,True,True,True,False,"[2, 3, 1, 4, 0]"
20,12,31.170566685886342,2642,367,4.839897155761719e-05,True,False,31.744457507510997,2871,508,0.6063401699066162,3442,1,1,True,True,True,True,"[0, 4, 3, 2, 1]"
20,13,31.101921223775182,2625,325,4.863739013671875e-05,True,False,31.710817883714597,2840,512,0.3822681903839111,2074,1,1,True,True,True,True,"[3, 4, 2, 0, 1]"
20,14,31.070267068053067,2576,363,4.839897155761719e-05,True,False,31.51513251408397,2732,486,0.2562448978424072,1400,1,1,True,True,True,False,"[2, 1, 4, 3, 0]"
20,15,31.16398758867366,2580,382,4.744529724121094e-05,True,False,31.785708170179436,2896,504,0.3543546199798584,2003,1,1,True,True,True,True,"[1, 3, 4, 0, 2]"
20,16,30.99487385407136,2539,329,6.914138793945312e-05,True,False,31.47432102678868,2723,463,0.6186645030975342,3513,1,1,True,True,True,True,"[3, 2, 1, 0, 4]"
20,17,31.240447606636856,2644,379,4.792213439941406e-05,True,False,31.645408214163652,2819,505,0.8309433460235596,4506,1,1,True,True,True,False,"[1, 0, 3, 2, 4]"
20,18,31.232193888132585,2621,394,4.887580871582031e-05,True,False,31.813930247702856,2915,494,0.0686213970184326,401,1,1,True,True,True,False,"[2, 0, 3, 1, 4]"
20,19,31.434781189226893,2777,382,4.8160552978515625e-05,True,False,31.9001831607363,2958,531,0.323394775390625,1549,1,1,True,True,True,True,"[1, 3, 4, 0, 2]"
20,20,30.88484001829819,2439,370,4.982948303222656e-05,True,False,31.587882293273783,2805,469,0.0254178047180175,154,1,1,True,True,True,False,"[2, 0, 1, 4, 3]"
20,21,31.263478700435822,2660,350,5.793571472167969e-05,True,False,31.626036143896734,2816,421,0.0872879028320312,499,1,1,True,True,True,False,"[3, 0, 4, 2, 1]"
20,22,31.002749206102525,2537,357,4.792213439941406e-05,True,False,31.70947264143436,2844,514,0.161867618560791,925,1,1,True,True,True,False,"[0, 4, 2, 3, 1]"
20,23,31.095147228626185,2600,333,6.198883056640625e-05,True,False,31.771860960311532,2894,478,0.0521726608276367,314,1,1,True,True,True,False,"[1, 4, 3, 2, 0]"
20,24,31.42927687962831,2804,366,4.7206878662109375e-05,True,False,31.74870880229201,2878,507,0.4516408443450928,2634,1,1,True,True,True,True,"[2, 3, 1, 4, 0]"
20,25,31.14362627032019,2620,385,4.935264587402344e-05,True,False,31.844299555395544,2921,537,0.3407003879547119,1925,1,1,True,True,True,True,"[3, 0, 4, 1, 2]"
20,26,31.215672230980797,2654,350,4.76837158203125e-05,True,False,31.690601432996004,2828,527,0.1466376781463623,835,1,1,True,True,True,True,"[2, 3, 1, 4, 0]"
20,27,31.15561448844372,2611,342,4.76837158203125e-05,True,False,31.9551261836524,2990,513,0.022646427154541,138,1,1,True,True,True,True,"[3, 4, 2, 0, 1]"
20,28,31.09851646798925,2612,345,7.724761962890625e-05,True,False,31.83359346492642,2917,513,0.1715877056121826,979,1,1,True,True,True,True,"[4, 0, 3, 2, 1]"
20,29,31.34334446862271,2736,370,4.792213439941406e-05,True,False,31.80808220873836,2915,472,0.1246826648712158,717,1,1,True,True,True,False,"[2, 3, 4, 1, 0]"
20,30,31.09657377655095,2581,338,4.839897155761719e-05,True,False,31.76764352779648,2874,530,0.0220630168914794,132,1,1,True,True,True,True,"[3, 1, 0, 2, 4]"
20,31,31.29690037189255,2677,341,4.76837158203125e-05,True,False,31.728864380494137,2861,483,0.1759607791900634,999,1,1,True,True,True,False,"[3, 1, 2, 0, 4]"
20,32,31.220558561501807,2643,383,4.744529724121094e-05,True,False,31.69219915926858,2842,465,0.0367054939270019,214,1,1,True,True,True,False,"[0, 2, 3, 1, 4]"
20,33,31.19905170798417,2629,342,4.76837158203125e-05,True,False,31.828827056578675,2969,448,0.0398411750793457,246,1,1,True,True,True,False,"[4, 0, 2, 1, 3]"
20,34,31.188655095323675,2657,359,4.8160552978515625e-05,True,False,31.789408935667392,2896,504,0.3129723072052002,1765,1,1,True,True,True,False,"[3, 1, 4, 0, 2]"
20,35,31.32515976999431,2735,331,6.151199340820312e-05,True,False,31.64379835751479,2833,490,0.4973795413970947,2837,1,1,True,True,True,False,"[0, 2, 1, 3, 4]"
20,36,31.09316717339197,2598,329,4.935264587402344e-05,True,False,31.65191974046528,2807,513,0.0229792594909667,131,1,1,True,True,True,False,"[1, 4, 2, 0, 3]"
20,37,31.3653392020974,2762,334,4.76837158203125e-05,True,False,31.826046901677213,2920,499,0.5739700794219971,3281,1,1,True,True,True,False,"[3, 2, 1, 4, 0]"
20,38,31.260404650931378,2720,303,4.863739013671875e-05,True,False,31.63729561928234,2816,440,2.7154111862182617,12829,1,1,True,True,True,False,"[4, 3, 0, 1, 2]"
20,39,30.96674102813109,2511,329,5.555152893066406e-05,True,False,31.65430725946166,2826,463,0.2017049789428711,1190,1,1,True,True,True,False,"[1, 0, 2, 4, 3]"
20,40,31.207722947620983,2640,372,4.9591064453125e-05,True,False,31.677658083795407,2829,473,0.0375995635986328,224,1,1,True,True,True,False,"[1, 2, 4, 0, 3]"
20,41,30.88818489794337,2495,324,4.792213439941406e-05,True,False,31.52945565992743,2759,469,0.1236467361450195,699,1,1,True,True,True,False,"[2, 3, 1, 0, 4]"
20,42,31.14970913292148,2617,376,8.511543273925781e-05,True,False,31.75225127590644,2864,534,0.1576714515686035,851,1,1,True,True,True,False,"[2, 4, 1, 3, 0]"
20,43,30.821448426850417,2457,351,4.8160552978515625e-05,True,False,31.75774467347945,2873,504,0.0127646923065185,75,1,1,True,True,True,False,"[4, 2, 3, 1, 0]"
20,44,31.150039168168394,2622,362,4.673004150390625e-05,True,False,31.919378505884847,3003,468,0.1144020557403564,675,1,1,True,True,True,False,"[4, 2, 3, 1, 0]"
20,45,31.275469219948118,2680,368,4.839897155761719e-05,True,False,31.68430153621924,2828,492,3.45784068107605,17361,1,1,True,True,True,True,"[4, 3, 2, 1, 0]"
20,46,31.41876837093288,2770,354,5.030632019042969e-05,True,False,31.838540064049347,2915,523,0.0243356227874755,138,1,1,True,True,True,True,"[2, 3, 1, 4, 0]"
20,47,30.983615460689396,2530,347,4.8160552978515625e-05,True,False,31.55035349698207,2762,463,0.0119271278381347,69,1,1,True,True,True,False,"[2, 3, 1, 0, 4]"
20,48,31.06277281889595,2548,364,4.982948303222656e-05,True,False,31.66961324130313,2814,537,1.4186391830444336,7920,1,1,True,True,True,False,"[1, 0, 2, 3, 4]"
20,49,31.15282531765256,2619,324,7.534027099609375e-05,True,False,31.592759586640582,2788,470,0.0472879409790039,268,1,1,True,True,True,True,"[1, 0, 2, 3, 4]"
30,0,33.35571885238553,3987,585,0.0001130104064941,True,False,33.640747201260304,4183,761,2.5406503677368164,14092,1,1,True,True,True,True,"[2, 3, 4, 0, 1]"
30,1,33.471228629241374,4057,725,7.605552673339844e-05,True,False,33.62319928594772,4172,729,0.7187759876251221,4089,1,1,True,True,True,True,"[3, 0, 1, 2, 4]"
30,2,33.473547934966646,4085,597,7.677078247070312e-05,True,False,33.68782851857357,4215,798,0.1401185989379882,789,1,1,True,True,True,True,"[3, 1, 4, 2, 0]"
30,3,33.25269163495384,3898,639,7.462501525878906e-05,True,False,33.61680098798506,4158,764,0.9229834079742432,5212,1,1,True,True,True,True,"[0, 2, 3, 4, 1]"
30,4,33.17027962322131,3828,636,7.462501525878906e-05,True,False,33.41768756347872,4000,722,3.720568180084229,18645,1,1,True,True,True,True,"[4, 0, 1, 3, 2]"
30,5,33.364800420975044,3991,658,7.82012939453125e-05,True,False,33.741559798080004,4264,777,0.4800038337707519,2735,1,1,True,True,True,True,"[4, 0, 1, 2, 3]"
30,6,33.22879113455488,3876,624,7.534027099609375e-05,True,False,33.58192843736828,4127,785,0.5316994190216064,2956,1,1,True,True,True,True,"[3, 1, 2, 0, 4]"
30,7,33.40678345802444,4060,575,0.0001082420349121,True,False,33.70373346722042,4237,769,1.0101866722106934,5636,1,1,True,True,True,True,"[4, 1, 2, 3, 0]"
30,8,33.09396625555203,3776,630,7.581710815429688e-05,True,False,33.6435227418779,4183,749,0.0842843055725097,485,1,1,True,True,True,True,"[4, 3, 2, 1, 0]"
30,9,33.472944689506214,4062,658,7.82012939453125e-05,True,False,33.83582214422795,4355,790,0.6516234874725342,3668,1,1,True,True,True,False,"[4, 3, 2, 1, 0]"
30,10,33.16655373264384,3820,608,7.510185241699219e-05,True,False,33.4922145308561,4057,725,1.7935736179351809,9987,1,1,True,True,True,True,"[0, 1, 2, 4, 3]"
30,11,33.161383543961215,3845,563,8.511543273925781e-05,True,False,33.587726797735485,4139,755,0.0697276592254638,392,1,1,True,True,True,True,"[3, 1, 0, 4, 2]"
30,12,33.38913382600873,4002,636,8.797645568847656e-05,True,False,33.67430036182553,4204,783,0.5708153247833252,3138,1,1,True,True,True,True,"[2, 3, 0, 4, 1]"
30,13,33.56356005691217,4160,615,7.82012939453125e-05,True,False,33.81651945895596,4327,826,0.5866727828979492,3317,1,1,True,True,True,True,"[2, 1, 0, 3, 4]"
30,14,33.4942627833822,4070,681,7.557868957519531e-05,True,False,33.69488207295194,4223,783,1.045801877975464,5780,1,1,True,True,True,False,"[0, 1, 2, 4, 3]"
30,15,33.0798065634115,3756,629,7.581710815429688e-05,True,False,33.58612403161359,4138,772,2.196402072906494,11901,1,1,True,True,True,True,"[3, 4, 0, 1, 2]"
30,16,33.36256174622646,3982,656,7.700920104980469e-05,True,False,33.72256459478837,4249,773,0.6807329654693604,3923,1,1,True,True,True,True,"[3, 4, 2, 0, 1]"
30,17,33.525409642782506,4107,649,7.677078247070312e-05,True,False,33.7324994316806,4276,753,1.4215714931488037,7752,1,1,True,True,True,True,"[3, 2, 4, 1, 0]"
30,18,33.21662952847649,3865,589,7.939338684082031e-05,True,False,33.609099874245295,4158,754,0.6401853561401367,3587,1,1,True,True,True,True,"[1, 0, 2, 3, 4]"
30,19,33.36637090178806,4004,601,7.534027099609375e-05,True,True,33.65585346323393,4215,740,1.233452081680298,6854,1,1,True,True,True,True,"[2, 4, 3, 1, 0]"
30,20,33.342534324657855,3948,703,7.653236389160156e-05,True,False,33.66263878003028,4213,766,6.5328779220581055,30731,1,1,True,True,True,True,"[4, 1, 2, 0, 3]"
30,21,33.22716143120532,3869,649,7.605552673339844e-05,True,False,33.520721015688025,4082,739,3.396562337875366,17872,1,1,True,True,True,True,"[3, 4, 1, 2, 0]"
30,22,33.35181276995489,3953,726,7.653236389160156e-05,True,False,33.80749622496766,4321,793,0.774090051651001,4173,1,1,True,True,True,True,"[1, 4, 0, 3, 2]"
30,23,33.163037237077006,3874,582,9.5367431640625e-05,True,False,33.613188065816324,4162,726,1.0480639934539795,5381,1,1,True,True,True,True,"[0, 2, 1, 4, 3]"
30,24,33.20890252705057,3861,611,7.43865966796875e-05,True,False,33.687237345742346,4222,766,0.4679458141326904,2469,1,1,True,True,True,True,"[2, 4, 3, 0, 1]"
30,25,33.38078976725298,4084,609,7.62939453125e-05,True,False,33.70262823592604,4233,808,1.8472700119018557,10060,1,1,True,True,True,True,"[0, 1, 4, 2, 3]"
30,26,33.39440970836765,4040,644,8.153915405273438e-05,True,False,33.39440970836765,4040,644,15.000075101852415,65025,0,0,False,False,True,False,"[3, 1, 4, 2, 0]"
30,27,33.58271528725461,4171,641,7.62939453125e-05,True,False,33.764709646852594,4289,788,3.000290870666504,15868,1,1,True,True,True,True,"[1, 2, 0, 3, 4]"
30,28,33.4195421176763,4030,614,9.226799011230467e-05,True,False,33.688647646684174,4226,756,1.0585951805114746,5878,1,1,True,True,True,True,"[1, 4, 3, 0, 2]"
30,29,33.36450531284964,3988,619,7.82012939453125e-05,True,False,33.71958299396648,4253,733,0.4855875968933105,2709,1,1,True,True,True,True,"[4, 1, 3, 2, 0]"
30,30,33.48155717377156,4055,741,8.392333984375e-05,True,False,33.736211874854554,4267,746,3.78248929977417,19997,1,1,True,True,True,True,"[4, 0, 3, 1, 2]"
30,31,33.19645851598968,3881,561,8.96453857421875e-05,True,False,33.64177358635475,4193,716,4.806153535842896,25166,1,1,True,True,True,True,"[2, 3, 4, 0, 1]"
30,32,33.09383523270109,3769,648,7.987022399902344e-05,True,False,33.46064011097285,4033,752,0.7467517852783203,4162,1,1,True,True,True,True,"[3, 1, 4, 0, 2]"
30,33,33.40281008131261,4018,660,8.106231689453125e-05,True,False,33.6686984722904,4197,818,0.2483730316162109,1129,1,1,True,True,True,True,"[3, 2, 4, 0, 1]"
30,34,33.1222804960926,3806,618,0.0001852512359619,True,False,33.55699177173258,4108,769,1.381408929824829,6279,1,1,True,True,True,True,"[4, 2, 0, 3, 1]"
30,35,33.2988388318682,3914,670,7.62939453125e-05,True,False,33.583350561876294,4129,778,2.093129873275757,10220,1,1,True,True,True,False,"[4, 3, 2, 0, 1]"
30,36,33.347414161917435,3996,613,7.510185241699219e-05,True,False,33.58094954894796,4128,780,1.1878769397735596,6175,1,1,True,True,True,True,"[1, 2, 4, 0, 3]"
30,37,33.172453741991994,3827,644,7.677078247070312e-05,True,False,33.7189251775144,4246,795,0.6513946056365967,3610,1,1,True,True,True,True,"[2, 4, 0, 1, 3]"
30,38,33.621462937648765,4233,561,7.653236389160156e-05,True,False,33.84508444585897,4375,791,4.738184213638306,21584,1,1,True,True,True,False,"[2, 1, 3, 0, 4]"
30,39,33.41988874190558,4027,625,7.486343383789062e-05,True,False,33.70536263204546,4231,796,3.172544240951538,16385,1,1,True,True,True,True,"[0, 3, 1, 2, 4]"
30,40,33.135568349154795,3813,603,0.0001261234283447,True,False,33.510595636816554,4078,737,9.968700170516968,39617,1,1,True,True,True,True,"[2, 1, 4, 3, 0]"
30,41,33.471694650518046,4060,653,7.700920104980469e-05,True,False,33.67414271031381,4211,758,0.1326520442962646,664,1,1,True,True,True,False,"[1, 2, 0, 3, 4]"
30,42,33.380474510494075,4000,629,7.534027099609375e-05,True,False,33.79890493089231,4317,785,1.3000504970550537,6036,1,1,True,True,True,True,"[1, 0, 2, 3, 4]"
30,43,33.21602307648941,3880,611,0.0001885890960693,True,False,33.580741195233095,4129,770,0.2169737815856933,826,1,1,True,True,True,True,"[2, 1, 4, 3, 0]"
30,44,33.407873146374115,4014,659,0.0001213550567626,True,False,33.407873146374115,4014,659,15.000228643417358,62639,0,0,False,False,True,False,"[2, 0, 3, 1, 4]"
30,45,33.13491016044113,3805,603,7.62939453125e-05,True,False,33.5747631553525,4120,792,0.7071490287780762,3997,1,1,True,True,True,True,"[3, 0, 1, 2, 4]"
30,46,33.632227004101736,4199,650,0.0001115798950195,True,False,33.7417038817693,4259,836,0.3103089332580566,1771,1,1,True,True,True,True,"[1, 0, 4, 2, 3]"
30,47,33.54859171427946,4137,648,7.510185241699219e-05,True,False,33.702876796791635,4231,763,0.1528809070587158,879,1,1,True,True,True,True,"[4, 1, 0, 3, 2]"
30,48,33.04343272057326,3761,599,8.225440979003906e-05,True,False,33.643293724682906,4183,764,0.4857292175292969,2758,1,1,True,True,True,True,"[2, 4, 3, 1, 0]"
30,49,33.47433514513276,4067,654,7.557868957519531e-05,True,False,33.677399869380174,4222,792,0.7203049659729004,4128,1,1,True,True,True,True,"[1, 3, 4, 0, 2]"
40,0,34.93174424908341,5485,874,0.0001099109649658,True,False,34.93174424908341,5485,874,15.022441387176514,71804,0,0,False,False,True,False,"[2, 0, 4, 1, 3]"
40,1,35.090482137418405,5607,1019,0.0001156330108642,True,False,35.33010854791635,5864,1039,0.2978880405426025,1688,1,1,True,True,True,True,"[3, 0, 2, 4, 1]"
40,2,35.03763819074887,5549,1030,0.0001194477081298,True,False,35.03763819074887,5549,1030,15.000151634216309,73630,0,0,False,False,True,False,"[0, 1, 3, 4, 2]"
40,3,34.926619255080766,5434,945,0.0001134872436523,True,False,35.260037697067084,5779,1070,0.0702025890350341,387,1,1,True,True,True,True,"[1, 4, 0, 3, 2]"
40,4,35.048531639684846,5560,1006,0.0001111030578613,True,False,35.250368064866024,5762,1122,6.942672967910767,34148,1,1,True,True,True,True,"[4, 2, 1, 0, 3]"
40,5,35.14396767837682,5684,1043,0.000110387802124,True,False,35.40467531185671,5948,1104,0.2772576808929443,1592,1,1,True,True,True,True,"[2, 0, 1, 3, 4]"
40,6,34.964554886191664,5483,1016,0.000110387802124,True,False,34.964554886191664,5483,1016,15.000114679336548,75048,0,0,False,False,True,False,"[4, 3, 1, 0, 2]"
40,7,35.1830307259027,5706,1045,0.0001130104064941,True,False,35.37309358240982,5908,1114,2.724855422973633,14389,1,1,True,True,True,True,"[1, 3, 4, 2, 0]"
40,8,35.11874970318861,5617,1042,0.0001130104064941,True,False,35.35627691709683,5886,1130,0.053354263305664,296,1,1,True,True,True,True,"[4, 3, 2, 1, 0]"
40,9,34.93602078759672,5447,859,0.0001273155212402,True,False,34.93602078759672,5447,859,15.000027894973757,71074,0,0,False,False,True,False,"[3, 4, 1, 0, 2]"
40,10,34.766042355407905,5243,938,0.0001115798950195,True,False,34.99272817411606,5488,1004,12.673916339874268,60128,1,1,True,True,True,True,"[4, 2, 1, 3, 0]"
40,11,34.8995378614744,5394,963,0.000112771987915,True,False,34.8995378614744,5394,963,15.079675436019896,69259,0,0,False,False,True,False,"[4, 1, 3, 2, 0]"
40,12,35.01194060439023,5515,996,0.0001134872436523,True,False,35.301385561502585,5827,1107,0.1686122417449951,960,1,1,True,True,True,True,"[1, 4, 2, 3, 0]"
40,13,35.141538060860746,5654,1001,0.0001130104064941,True,False,35.141538060860746,5654,1001,15.000219583511353,70516,0,0,False,False,True,False,"[0, 4, 2, 1, 3]"
40,14,35.07652633712292,5590,986,0.000119924545288,True,False,35.38510613948497,5923,1134,2.07959246635437,11080,1,1,True,True,True,True,"[4, 1, 0, 3, 2]"
40,15,35.00513309367808,5500,1038,0.0001447200775146,True,False,35.22107025655729,5732,1078,0.8644430637359619,4706,1,1,True,True,True,True,"[0, 2, 1, 4, 3]"
40,16,34.99282815950364,5482,1018,0.0001218318939208,True,False,34.99282815950364,5482,1018,15.000115871429443,73275,0,0,False,False,True,False,"[2, 3, 4, 1, 0]"
40,17,34.98333171102101,5492,911,0.000169038772583,True,False,34.98333171102101,5492,911,15.000062704086304,72011,0,0,False,False,True,False,"[1, 4, 3, 0, 2]"
40,18,34.957646936169155,5444,1013,0.0001120567321777,True,False,34.957646936169155,5444,1013,15.00018310546875,68774,0,0,False,False,True,False,"[2, 3, 4, 1, 0]"
40,19,34.84559641382878,5339,901,0.0001161098480224,True,False,35.11090644648584,5602,1088,3.720446348190308,19142,1,1,True,True,True,True,"[3, 1, 0, 2, 4]"
40,20,34.87540562088997,5359,941,0.0001122951507568,True,False,34.87540562088997,5359,941,15.000277280807495,71022,0,0,False,False,True,False,"[3, 0, 4, 2, 1]"
40,21,35.04423178200675,5561,962,0.0001225471496582,True,True,35.29760992833964,5833,1052,4.372053623199463,21906,1,1,True,True,True,True,"[2, 3, 0, 1, 4]"
40,22,34.83187255537066,5323,917,0.0001130104064941,True,False,34.83187255537066,5323,917,15.000038385391235,70422,0,0,False,False,True,False,"[0, 3, 2, 4, 1]"
40,23,34.785035129169465,5286,893,0.0001120567321777,True,False,35.09811072160748,5591,1066,1.368457555770874,7392,1,1,True,True,True,True,"[4, 0, 1, 2, 3]"
40,24,34.99259559292065,5506,918,0.0001196861267089,True,False,35.23097884894815,5749,1061,1.1152594089508057,6170,1,1,True,True,True,True,"[1, 4, 0, 3, 2]"
40,25,35.028952293785146,5519,1027,0.0001122951507568,True,True,35.32567565024931,5850,1130,3.2799246311187744,16533,1,1,True,True,True,True,"[4, 2, 1, 0, 3]"
40,26,34.90251974921546,5377,1008,0.0001120567321777,True,False,35.17068740788576,5673,1087,3.042870044708252,15858,1,1,True,True,True,True,"[1, 0, 2, 3, 4]"
40,27,34.86825621507426,5377,866,0.0001122951507568,True,False,34.86825621507426,5377,866,15.000124454498293,70084,0,0,False,False,True,False,"[0, 1, 2, 4, 3]"
40,28,34.72139349000223,5192,949,0.0001149177551269,True,False,34.72139349000223,5192,949,15.349132776260376,71371,0,0,False,False,True,False,"[1, 0, 4, 3, 2]"
40,29,34.9159420273371,5408,938,0.0001115798950195,True,True,35.26811320828311,5790,1063,9.56384825706482,46106,1,1,True,True,True,True,"[4, 3, 0, 1, 2]"
40,30,35.003545217109945,5501,977,0.0001192092895507,True,False,35.16227164514976,5664,1051,2.0960469245910645,11271,1,1,True,True,True,True,"[1, 4, 0, 3, 2]"
40,31,35.05299408295178,5561,958,0.0001111030578613,True,False,35.31558864399636,5838,1104,12.079468727111816,54213,1,1,True,True,True,True,"[3, 0, 2, 1, 4]"
40,32,35.24920063844074,5767,1068,0.0001459121704101,True,False,35.24920063844074,5767,1068,15.000126361846924,68372,0,0,False,False,True,False,"[2, 1, 3, 0, 4]"
40,33,35.05738454506388,5557,1012,0.0001146793365478,True,True,35.05738454506388,5557,1012,15.000072002410889,71331,0,0,False,False,True,True,"[1, 4, 3, 0, 2]"
40,34,35.134750479000694,5634,1086,0.0001122951507568,True,True,35.36233058711753,5900,1096,13.222143173217772,46924,1,1,True,True,True,True,"[1, 4, 3, 2, 0]"
40,35,34.97981113931095,5462,1041,0.0001823902130126,True,False,34.97981113931095,5462,1041,15.000028610229492,65771,0,0,False,False,True,False,"[1, 4, 2, 3, 0]"
40,36,34.90475419463088,5401,988,0.0001101493835449,True,False,34.90475419463088,5401,988,15.000088930130005,69806,0,0,False,False,True,False,"[3, 2, 1, 0, 4]"
40,37,35.06645667964394,5582,1004,0.0001125335693359,True,False,35.255473282256155,5780,1030,2.855989456176758,13356,1,1,True,True,True,True,"[2, 4, 0, 3, 1]"
40,38,35.140772236168296,5657,1026,0.0001108646392822,True,False,35.140772236168296,5657,1026,15.29404330253601,71892,0,0,False,False,True,False,"[3, 1, 2, 0, 4]"
40,39,35.09314328419497,5599,1033,0.0001533031463623,True,True,35.26683215494249,5793,1056,0.6435039043426514,3597,1,1,True,True,True,True,"[1, 2, 4, 3, 0]"
40,40,34.84939487644482,5338,946,0.0001206398010253,True,False,35.16857121505932,5669,1089,1.340489387512207,7445,1,1,True,True,True,True,"[3, 1, 2, 4, 0]"
40,41,35.16296514561556,5669,1070,0.0001187324523925,True,False,35.34980193044916,5883,1068,0.3776755332946777,2108,1,1,True,True,True,True,"[4, 1, 2, 0, 3]"
40,42,35.03948275866528,5526,1034,0.0001108646392822,True,True,35.20127779151024,5720,1031,2.608487844467163,13493,1,1,True,True,True,True,"[4, 2, 0, 1, 3]"
40,43,34.994991778182595,5488,1010,0.0001099109649658,True,False,35.31657116277043,5860,1043,4.101662397384644,20637,1,1,True,True,True,True,"[0, 4, 3, 2, 1]"
40,44,34.99129944849298,5485,963,0.0001182556152343,True,False,35.14262457988876,5642,1085,0.8165276050567627,4326,1,1,True,True,True,True,"[3, 0, 4, 1, 2]"
40,45,35.00379328043644,5519,885,0.0001120567321777,True,True,35.00379328043644,5519,885,15.000185251235962,73861,0,0,False,False,True,True,"[4, 2, 3, 0, 1]"
40,46,35.16696614543084,5714,960,0.0001196861267089,True,True,35.38292400449302,5929,1032,14.784746408462524,67625,1,1,True,True,True,True,"[2, 4, 1, 3, 0]"
40,47,34.902136300001786,5386,957,0.0001139640808105,True,False,34.902136300001786,5386,957,15.15149474143982,69371,0,0,False,False,True,False,"[4, 0, 1, 3, 2]"
40,48,34.84241137752692,5323,987,0.0001130104064941,True,False,35.276187562149055,5795,1092,4.021352529525757,19750,1,1,True,True,True,True,"[4, 3, 2, 1, 0]"
40,49,34.84433704665038,5367,833,0.0001478195190429,True,False,35.2300476245816,5739,1090,1.0499703884124756,5512,1,1,True,True,True,True,"[3, 1, 2, 0, 4]"
50,0,36.06483128544561,6793,1292,0.0001544952392578,True,False,36.06483128544561,6793,1292,20.000210523605347,87814,0,0,False,False,True,False,"[2, 1, 4, 0, 3]"
50,1,36.12631574753999,6886,1240,0.0001552104949951,True,True,36.12631574753999,6886,1240,20.29906463623047,92471,0,0,False,False,True,True,"[4, 2, 0, 1, 3]"
50,2,35.94471436043517,6625,1271,0.000187873840332,True,False,36.31069206839892,7127,1356,15.644550800323486,76237,1,1,True,True,True,True,"[4, 3, 2, 1, 0]"
50,3,36.173990592591935,6944,1286,0.0001578330993652,True,True,36.173990592591935,6944,1286,20.000247716903687,95733,0,0,False,False,True,True,"[2, 1, 0, 3, 4]"
50,4,36.133289880120046,6886,1271,0.0001554489135742,True,False,36.463493806366856,7350,1344,9.941092491149902,47681,1,1,True,True,True,True,"[3, 0, 2, 4, 1]"
50,5,36.2058510518353,7007,1197,0.000187873840332,True,True,36.4114481305123,7269,1388,0.1648206710815429,896,1,1,True,True,True,True,"[1, 0, 3, 2, 4]"
50,6,36.193566592375205,6977,1236,0.0001943111419677,True,False,36.324495203653925,7146,1352,7.413251399993896,35827,1,1,True,True,True,True,"[4, 1, 2, 0, 3]"
50,7,36.11587948341327,6873,1274,0.0001647472381591,True,True,36.11587948341327,6873,1274,20.000120878219604,95635,0,0,False,False,True,True,"[1, 2, 4, 0, 3]"
50,8,36.24537351069171,7071,1178,0.0001554489135742,True,True,36.24537351069171,7071,1178,20.00011110305786,94005,0,0,False,False,True,True,"[2, 0, 4, 1, 3]"
50,9,36.24212921566729,7040,1293,0.0001552104949951,True,True,36.50243390622162,7404,1432,1.049863576889038,5855,1,1,True,True,True,True,"[2, 1, 4, 0, 3]"
50,10,36.11794038284604,6864,1235,0.0001847743988037,True,False,36.11794038284604,6864,1235,20.000130653381348,97282,0,0,False,False,True,False,"[4, 1, 3, 2, 0]"
50,11,36.31869800611237,7170,1277,0.0001583099365234,True,False,36.31869800611237,7170,1277,20.000057220458984,92011,0,0,False,False,True,False,"[4, 0, 3, 1, 2]"
50,12,36.26970931869979,7114,1190,0.0001616477966308,True,False,36.44577983321314,7323,1362,7.672336101531982,37733,1,1,True,True,True,True,"[2, 1, 0, 3, 4]"
50,13,36.27065726033317,7067,1352,0.00016450881958,True,True,36.27065726033317,7067,1352,20.00007963180542,95418,0,0,False,False,True,True,"[2, 1, 0, 4, 3]"
50,14,36.0891875841419,6818,1304,0.000185489654541,True,False,36.0891875841419,6818,1304,20.000132083892822,95390,0,0,False,False,True,False,"[2, 3, 0, 1, 4]"
50,15,36.197566588754455,6988,1228,0.0001547336578369,True,False,36.197566588754455,6988,1228,20.00009560585022,95702,0,0,False,False,True,False,"[4, 0, 2, 3, 1]"
50,16,36.27185464618256,7088,1284,0.0001907348632812,True,False,36.45767097545054,7340,1391,11.949386835098268,57495,1,1,True,True,True,True,"[1, 2, 4, 3, 0]"
50,17,36.10000012851626,6853,1191,0.0001542568206787,True,True,36.23669769023762,7021,1355,10.55473494529724,50892,1,1,True,True,True,True,"[4, 1, 0, 2, 3]"
50,18,36.04877777784159,6804,1093,0.0001544952392578,True,True,36.04877777784159,6804,1093,20.000096559524536,96275,0,0,False,False,True,True,"[3, 0, 4, 2, 1]"
50,19,36.15302921033207,6937,1185,0.0001990795135498,True,True,36.35815620871066,7192,1377,13.733062982559204,64539,1,1,True,True,True,True,"[3, 2, 1, 4, 0]"
50,20,36.14522710729437,6913,1248,0.0001862049102783,True,True,36.14522710729437,6913,1248,20.000036001205444,100568,0,0,False,False,True,True,"[1, 4, 2, 3, 0]"
50,21,36.318448511124686,7161,1232,0.0001602172851562,True,True,36.318448511124686,7161,1232,20.000067710876465,95650,0,0,False,False,True,True,"[0, 2, 4, 1, 3]"
50,22,36.25039845446875,7079,1172,0.0002322196960449,True,True,36.25039845446875,7079,1172,20.00011777877808,94685,0,0,False,False,True,True,"[1, 0, 2, 4, 3]"
50,23,36.154833788345314,6920,1268,0.0001907348632812,True,True,36.38417718445386,7231,1397,0.2372064590454101,1252,1,1,True,True,True,True,"[2, 0, 1, 4, 3]"
50,24,36.21862734687749,7005,1265,0.0001623630523681,True,True,36.21862734687749,7005,1265,20.00024509429932,98151,0,0,False,False,True,True,"[3, 1, 4, 2, 0]"
50,25,36.17446941225191,6937,1332,0.0001540184020996,True,True,36.17446941225191,6937,1332,20.000098705291748,98490,0,0,False,False,True,True,"[0, 3, 2, 1, 4]"
50,26,36.4259905415092,7296,1368,0.0001814365386962,True,True,36.4259905415092,7296,1368,20.000007152557373,94022,0,0,False,False,True,True,"[0, 4, 1, 3, 2]"
50,27,35.979079038117305,6703,1164,0.000154972076416,True,False,35.979079038117305,6703,1164,20.000073194503784,95337,0,0,False,False,True,False,"[3, 4, 2, 0, 1]"
50,28,36.09959261061762,6853,1224,0.0001599788665771,True,True,36.09959261061762,6853,1224,20.00003242492676,95877,0,0,False,False,True,True,"[0, 3, 1, 4, 2]"
50,29,36.20966406621368,6997,1259,0.0001826286315917,True,False,36.20966406621368,6997,1259,20.00001287460327,98040,0,0,False,False,True,False,"[3, 0, 2, 1, 4]"
50,30,36.07731931340004,6807,1281,0.0001635551452636,True,True,36.07731931340004,6807,1281,20.000252962112427,83413,0,0,False,False,True,True,"[3, 0, 2, 4, 1]"
50,31,36.02880720202933,6749,1205,0.0002791881561279,True,True,36.02880720202933,6749,1205,20.00006365776062,92420,0,0,False,False,True,True,"[4, 1, 0, 3, 2]"
50,32,36.05375854261388,6805,1098,0.0001552104949951,True,False,36.05375854261388,6805,1098,20.407939672470093,92681,0,0,False,False,True,False,"[4, 0, 1, 3, 2]"
50,33,36.04818954382528,6792,1208,0.0001742839813232,True,False,36.04818954382528,6792,1208,20.000136137008667,96288,0,0,False,False,True,False,"[0, 1, 4, 2, 3]"
50,34,36.17661839147851,6940,1308,0.0002138614654541,True,False,36.17661839147851,6940,1308,20.000054836273197,91655,0,0,False,False,True,False,"[1, 3, 4, 0, 2]"
50,35,36.32864777968521,7173,1280,0.0001599788665771,True,False,36.59991221051582,7551,1449,2.647956132888794,14024,1,1,True,True,True,True,"[3, 2, 0, 1, 4]"
50,36,35.959550623816135,6656,1233,0.0001561641693115,True,True,36.28397878345995,7085,1379,14.844099044799805,68679,1,1,True,True,True,True,"[0, 1, 3, 2, 4]"
50,37,36.43354816146887,7317,1324,0.0001556873321533,True,True,36.55133205799141,7478,1435,1.6216413974761963,8868,1,1,True,True,True,True,"[1, 2, 0, 3, 4]"
50,38,36.17783025567416,6981,1135,0.0001647472381591,True,False,36.17783025567416,6981,1135,20.000123023986816,94708,0,0,False,False,True,False,"[2, 4, 3, 1, 0]"
50,39,36.39279576950951,7257,1291,0.0001606941223144,True,True,36.521117854904105,7430,1432,0.7419102191925049,4012,1,1,True,True,True,True,"[0, 4, 2, 3, 1]"
50,40,36.305237421108906,7142,1207,0.0001623630523681,True,True,36.5496915470946,7477,1421,2.4812779426574707,13176,1,1,True,True,True,True,"[4, 2, 3, 1, 0]"
50,41,36.18362292401627,6953,1318,0.0001742839813232,True,True,36.376330758539964,7224,1363,8.677489519119263,42602,1,1,True,True,True,True,"[0, 3, 2, 4, 1]"
50,42,36.13681603760244,6895,1251,0.0001542568206787,True,True,36.13681603760244,6895,1251,20.00003457069397,93798,0,0,False,False,True,True,"[1, 4, 2, 0, 3]"
50,43,36.27627604917682,7086,1279,0.0001592636108398,True,True,36.45462001430934,7340,1334,2.3145785331726074,11813,1,1,True,True,True,True,"[3, 0, 2, 1, 4]"
50,44,36.3644339824028,7234,1257,0.0001676082611083,True,True,36.450653020006754,7331,1415,10.453404903411863,49327,1,1,True,True,True,True,"[3, 2, 0, 1, 4]"
50,45,36.28250108987333,7098,1253,0.0001599788665771,True,True,36.47199974125799,7359,1428,17.294543981552124,79948,1,1,True,True,True,True,"[1, 4, 0, 3, 2]"
50,46,36.05128040370158,6770,1260,0.0001554489135742,True,False,36.2525834551687,7048,1283,11.604720830917358,57307,1,1,True,True,True,True,"[4, 0, 2, 1, 3]"
50,47,36.30250561073602,7126,1277,0.0001583099365234,True,False,36.46628636950122,7357,1328,12.836875200271606,63482,1,1,True,True,True,True,"[1, 2, 4, 3, 0]"
50,48,36.43586844106304,7327,1312,0.0001628398895263,True,True,36.5545296938877,7483,1411,1.848639249801636,9552,1,1,True,True,True,True,"[3, 0, 1, 4, 2]"
50,49,36.15774641756112,6920,1279,0.0001552104949951,True,False,36.15774641756112,6920,1279,20.00000500679016,95530,0,0,False,False,True,False,"[3, 4, 2, 0, 1]"
