label,level,F,G,H,allocation_vector,utilities_vector,log_utilities_vector,pruned,prune_reason
N1,0,28.7882,0.0,28.7882,"[None, None, None, None, None, None, None, None, None, None]","[0, 0, 0, 0, 0]","[0.0, 0.0, 0.0, 0.0, 0.0]",False,
S1,1,28.4349,5.5797,22.8551,"[None, None, None, 0, None, None, None, None, None, None]","[264, 0, 0, 0, 0]","[5.5797, 0.0, 0.0, 0.0, 0.0]",False,
N11,1,28.5554,5.7071,22.8483,"[None, None, None, 1, None, None, None, None, None, None]","[0, 300, 0, 0, 0]","[0.0, 5.7071, 0.0, 0.0, 0.0]",False,
S34,2,27.8604,10.8662,16.9942,"[None, None, None, 1, None, None, 0, None, None, None]","[173, 300, 0, 0, 0]","[5.1591, 5.7071, 0.0, 0.0, 0.0]",False,
S35,2,27.7137,6.3063,21.4074,"[None, None, None, 1, None, None, 1, None, None, None]","[0, 547, 0, 0, 0]","[0.0, 6.3063, 0.0, 0.0, 0.0]",False,
S36,2,27.8643,10.8719,16.9924,"[None, None, None, 1, None, None, 2, None, None, None]","[0, 300, 174, 0, 0]","[0.0, 5.7071, 5.1648, 0.0, 0.0]",False,
S37,2,28.1193,11.196,16.9232,"[None, None, None, 1, None, None, 3, None, None, None]","[0, 300, 0, 241, 0]","[0.0, 5.7071, 0.0, 5.4889, 0.0]",False,
N14,2,28.5275,11.6125,16.9151,"[None, None, None, 1, None, None, 4, None, None, None]","[0, 300, 0, 0, 366]","[0.0, 5.7071, 0.0, 0.0, 5.9054]",False,
S47,3,28.2363,16.4,11.8363,"[None, None, None, 1, None, 0, 4, None, None, None]","[119, 300, 0, 0, 366]","[4.7875, 5.7071, 0.0, 0.0, 5.9054]",False,
S48,3,28.081,11.9645,16.1166,"[None, None, None, 1, None, 1, 4, None, None, None]","[0, 427, 0, 0, 366]","[0.0, 6.0591, 0.0, 0.0, 5.9054]",False,
N15,3,28.5275,16.9007,11.6268,"[None, None, None, 1, None, 2, 4, None, None, None]","[0, 300, 197, 0, 366]","[0.0, 5.7071, 5.2883, 0.0, 5.9054]",False,
N16,4,28.5275,22.0712,6.4563,"[0, None, None, 1, None, 2, 4, None, None, None]","[175, 300, 197, 0, 366]","[5.1705, 5.7071, 5.2883, 0.0, 5.9054]",False,
S55,5,28.4077,22.4614,5.9463,"[0, None, None, 1, None, 2, 4, 0, None, None]","[259, 300, 197, 0, 366]","[5.5607, 5.7071, 5.2883, 0.0, 5.9054]",False,
S56,5,28.4077,22.3996,6.0081,"[0, None, None, 1, None, 2, 4, 1, None, None]","[175, 417, 197, 0, 366]","[5.1705, 6.0355, 5.2883, 0.0, 5.9054]",False,
S57,5,28.3665,22.3851,5.9814,"[0, None, None, 1, None, 2, 4, 2, None, None]","[175, 300, 270, 0, 366]","[5.1705, 5.7071, 5.6021, 0.0, 5.9054]",False,
S58,5,28.2597,25.8999,2.3598,"[0, None, None, 1, None, 2, 4, 3, None, None]","[175, 300, 197, 45, 366]","[5.1705, 5.7071, 5.2883, 3.8286, 5.9054]",False,
S59,5,28.316,22.3079,6.0081,"[0, None, None, 1, None, 2, 4, 4, None, None]","[175, 300, 197, 0, 464]","[5.1705, 5.7071, 5.2883, 0.0, 6.142]",False,
S51,4,28.2427,17.3139,10.9288,"[1, None, None, 1, None, 2, 4, None, None, None]","[0, 454, 197, 0, 366]","[0.0, 6.1203, 5.2883, 0.0, 5.9054]",False,
S52,4,28.2421,17.3229,10.9192,"[2, None, None, 1, None, 2, 4, None, None, None]","[0, 300, 301, 0, 366]","[0.0, 5.7071, 5.7104, 0.0, 5.9054]",False,
S53,4,28.2597,21.5451,6.7146,"[3, None, None, 1, None, 2, 4, None, None, None]","[0, 300, 197, 103, 366]","[0.0, 5.7071, 5.2883, 4.6444, 5.9054]",False,
S54,4,28.0937,17.165,10.9288,"[4, None, None, 1, None, 2, 4, None, None, None]","[0, 300, 197, 0, 477]","[0.0, 5.7071, 5.2883, 0.0, 6.1696]",False,
S49,3,28.3289,16.5823,11.7466,"[None, None, None, 1, None, 3, 4, None, None, None]","[0, 300, 0, 143, 366]","[0.0, 5.7071, 0.0, 4.9698, 5.9054]",False,
S50,3,27.9975,11.8809,16.1166,"[None, None, None, 1, None, 4, 4, None, None, None]","[0, 300, 0, 0, 479]","[0.0, 5.7071, 0.0, 0.0, 6.1738]",False,
S2,1,28.2869,5.4027,22.8843,"[None, None, None, 2, None, None, None, None, None, None]","[0, 0, 221, 0, 0]","[0.0, 0.0, 5.4027, 0.0, 0.0]",False,
N3,1,28.7289,5.8805,22.8483,"[None, None, None, 3, None, None, None, None, None, None]","[0, 0, 0, 357, 0]","[0.0, 0.0, 0.0, 5.8805, 0.0]",False,
S8,2,28.0338,11.0396,16.9942,"[None, None, None, 3, None, None, 0, None, None, None]","[173, 0, 0, 357, 0]","[5.1591, 0.0, 0.0, 5.8805, 0.0]",False,
S9,2,28.3148,11.394,16.9208,"[None, None, None, 3, None, None, 1, None, None, None]","[0, 247, 0, 357, 0]","[0.0, 5.5134, 0.0, 5.8805, 0.0]",False,
S10,2,28.0377,11.0453,16.9924,"[None, None, None, 3, None, None, 2, None, None, None]","[0, 0, 174, 357, 0]","[0.0, 0.0, 5.1648, 5.8805, 0.0]",False,
S11,2,27.8027,6.3953,21.4074,"[None, None, None, 3, None, None, 3, None, None, None]","[0, 0, 0, 598, 0]","[0.0, 0.0, 0.0, 6.3953, 0.0]",False,
N4,2,28.701,11.7859,16.9151,"[None, None, None, 3, None, None, 4, None, None, None]","[0, 0, 0, 357, 366]","[0.0, 0.0, 0.0, 5.8805, 5.9054]",False,
S12,3,28.4097,16.5734,11.8363,"[None, None, None, 3, None, 0, 4, None, None, None]","[119, 0, 0, 357, 366]","[4.7875, 0.0, 0.0, 5.8805, 5.9054]",False,
S13,3,28.4409,16.6379,11.803,"[None, None, None, 3, None, 1, 4, None, None, None]","[0, 127, 0, 357, 366]","[0.0, 4.852, 0.0, 5.8805, 5.9054]",False,
N5,3,28.701,17.0742,11.6268,"[None, None, None, 3, None, 2, 4, None, None, None]","[0, 0, 197, 357, 366]","[0.0, 0.0, 5.2883, 5.8805, 5.9054]",False,
N6,4,28.701,22.2446,6.4563,"[0, None, None, 3, None, 2, 4, None, None, None]","[175, 0, 197, 357, 366]","[5.1705, 0.0, 5.2883, 5.8805, 5.9054]",False,
N12,5,28.5523,22.6348,5.9175,"[0, None, None, 3, None, 2, 4, 0, None, None]","[259, 0, 197, 357, 366]","[5.5607, 0.0, 5.2883, 5.8805, 5.9054]",False,
P1,6,28.2319,22.8641,5.3678,"[0, 0, None, 3, None, 2, 4, 0, None, None]","[326, 0, 197, 357, 366]","[5.79, 0.0, 5.2883, 5.8805, 5.9054]",True,אי-היתכנות EF1
S38,6,28.3829,26.8833,1.4996,"[0, 1, None, 3, None, 2, 4, 0, None, None]","[259, 69, 197, 357, 366]","[5.5607, 4.2485, 5.2883, 5.8805, 5.9054]",False,
S39,6,28.3549,23.057,5.2979,"[0, 2, None, 3, None, 2, 4, 0, None, None]","[259, 0, 301, 357, 366]","[5.5607, 0.0, 5.7104, 5.8805, 5.9054]",False,
S40,6,28.2872,22.9176,5.3696,"[0, 3, None, 3, None, 2, 4, 0, None, None]","[259, 0, 197, 474, 366]","[5.5607, 0.0, 5.2883, 6.1633, 5.9054]",False,
S41,6,28.1152,22.7456,5.3696,"[0, 4, None, 3, None, 2, 4, 0, None, None]","[259, 0, 197, 357, 409]","[5.5607, 0.0, 5.2883, 5.8805, 6.0162]",False,
N7,5,28.701,27.0153,1.6856,"[0, None, None, 3, None, 2, 4, 1, None, None]","[175, 117, 197, 357, 366]","[5.1705, 4.7707, 5.2883, 5.8805, 5.9054]",False,
N23,6,28.5175,27.3379,1.1796,"[0, 0, None, 3, None, 2, 4, 1, None, None]","[242, 117, 197, 357, 366]","[5.4931, 4.7707, 5.2883, 5.8805, 5.9054]",False,
S84,7,28.2815,27.4903,0.7912,"[0, 0, None, 3, 0, 2, 4, 1, None, None]","[282, 117, 197, 357, 366]","[5.6454, 4.7707, 5.2883, 5.8805, 5.9054]",False,
S85,7,28.3861,27.749,0.6371,"[0, 0, None, 3, 1, 2, 4, 1, None, None]","[242, 177, 197, 357, 366]","[5.4931, 5.1818, 5.2883, 5.8805, 5.9054]",False,
S86,7,28.479,27.7264,0.7526,"[0, 0, None, 3, 2, 2, 4, 1, None, None]","[242, 117, 291, 357, 366]","[5.4931, 4.7707, 5.6768, 5.8805, 5.9054]",False,
S87,7,28.3378,27.5464,0.7914,"[0, 0, None, 3, 3, 2, 4, 1, None, None]","[242, 117, 197, 440, 366]","[5.4931, 4.7707, 5.2883, 6.089, 5.9054]",False,
S88,7,28.3152,27.5239,0.7914,"[0, 0, None, 3, 4, 2, 4, 1, None, None]","[242, 117, 197, 357, 441]","[5.4931, 4.7707, 5.2883, 5.8805, 6.0913]",False,
N17,6,28.5251,27.4758,1.0493,"[0, 1, None, 3, None, 2, 4, 1, None, None]","[175, 186, 197, 357, 366]","[5.1705, 5.2311, 5.2883, 5.8805, 5.9054]",False,
S60,7,28.3141,27.6805,0.6335,"[0, 1, None, 3, 0, 2, 4, 1, None, None]","[215, 186, 197, 357, 366]","[5.3753, 5.2311, 5.2883, 5.8805, 5.9054]",False,
S61,7,28.394,27.754,0.6399,"[0, 1, None, 3, 1, 2, 4, 1, None, None]","[175, 246, 197, 357, 366]","[5.1705, 5.5094, 5.2883, 5.8805, 5.9054]",False,
N20,7,28.5175,27.8642,0.6533,"[0, 1, None, 3, 2, 2, 4, 1, None, None]","[175, 186, 291, 357, 366]","[5.1705, 5.2311, 5.6768, 5.8805, 5.9054]",False,
S72,8,28.4244,28.0119,0.4126,"[0, 1, None, 3, 2, 2, 4, 1, None, 0]","[203, 186, 291, 357, 366]","[5.3181, 5.2311, 5.6768, 5.8805, 5.9054]",False,
N21,8,28.5175,28.1012,0.4163,"[0, 1, None, 3, 2, 2, 4, 1, None, 1]","[175, 236, 291, 357, 366]","[5.1705, 5.4681, 5.6768, 5.8805, 5.9054]",False,
N22,9,28.5175,28.3289,0.1887,"[0, 1, 0, 3, 2, 2, 4, 1, None, 1]","[220, 236, 291, 357, 366]","[5.3982, 5.4681, 5.6768, 5.8805, 5.9054]",False,
L1,10,28.5104,28.5104,0.0,"[0, 1, 0, 3, 2, 2, 4, 1, 0, 1]","[264, 236, 291, 357, 366]","[5.5797, 5.4681, 5.6768, 5.8805, 5.9054]",False,
S80,10,28.3981,28.3981,0.0,"[0, 1, 0, 3, 2, 2, 4, 1, 1, 1]","[220, 253, 291, 357, 366]","[5.3982, 5.5373, 5.6768, 5.8805, 5.9054]",False,
S81,10,28.439,28.439,0.0,"[0, 1, 0, 3, 2, 2, 4, 1, 2, 1]","[220, 236, 325, 357, 366]","[5.3982, 5.4681, 5.7869, 5.8805, 5.9054]",False,
S82,10,28.3699,28.3699,0.0,"[0, 1, 0, 3, 2, 2, 4, 1, 3, 1]","[220, 236, 291, 372, 366]","[5.3982, 5.4681, 5.6768, 5.9216, 5.9054]",False,
S83,10,28.4445,28.4445,0.0,"[0, 1, 0, 3, 2, 2, 4, 1, 4, 1]","[220, 236, 291, 357, 411]","[5.3982, 5.4681, 5.6768, 5.8805, 6.021]",False,
S76,9,28.417,28.19,0.227,"[0, 1, 1, 3, 2, 2, 4, 1, None, 1]","[175, 258, 291, 357, 366]","[5.1705, 5.5568, 5.6768, 5.8805, 5.9054]",False,
S77,9,28.4689,28.2416,0.2274,"[0, 1, 2, 3, 2, 2, 4, 1, None, 1]","[175, 236, 335, 357, 366]","[5.1705, 5.4681, 5.8171, 5.8805, 5.9054]",False,
S78,9,28.4244,28.197,0.2274,"[0, 1, 3, 3, 2, 2, 4, 1, None, 1]","[175, 236, 291, 393, 366]","[5.1705, 5.4681, 5.6768, 5.9764, 5.9054]",False,
S79,9,28.3919,28.1645,0.2274,"[0, 1, 4, 3, 2, 2, 4, 1, None, 1]","[175, 236, 291, 357, 390]","[5.1705, 5.4681, 5.6768, 5.8805, 5.9687]",False,
S73,8,28.4633,28.0194,0.4439,"[0, 1, None, 3, 2, 2, 4, 1, None, 2]","[175, 186, 340, 357, 366]","[5.1705, 5.2311, 5.8319, 5.8805, 5.9054]",False,
S74,8,28.3963,27.9524,0.4439,"[0, 1, None, 3, 2, 2, 4, 1, None, 3]","[175, 186, 291, 390, 366]","[5.1705, 5.2311, 5.6768, 5.9687, 5.9054]",False,
S75,8,28.4262,27.9823,0.4439,"[0, 1, None, 3, 2, 2, 4, 1, None, 4]","[175, 186, 291, 357, 412]","[5.1705, 5.2311, 5.6768, 5.8805, 6.0234]",False,
S62,7,28.3561,27.6843,0.6718,"[0, 1, None, 3, 3, 2, 4, 1, None, None]","[175, 186, 197, 440, 366]","[5.1705, 5.2311, 5.2883, 6.089, 5.9054]",False,
S63,7,28.3335,27.6617,0.6718,"[0, 1, None, 3, 4, 2, 4, 1, None, None]","[175, 186, 197, 357, 441]","[5.1705, 5.2311, 5.2883, 5.8805, 6.0913]",False,
N8,6,28.6482,27.4375,1.2107,"[0, 2, None, 3, None, 2, 4, 1, None, None]","[175, 117, 301, 357, 366]","[5.1705, 4.7707, 5.7104, 5.8805, 5.9054]",False,
S22,7,28.4163,27.6423,0.774,"[0, 2, None, 3, 0, 2, 4, 1, None, None]","[215, 117, 301, 357, 366]","[5.3753, 4.7707, 5.7104, 5.8805, 5.9054]",False,
N24,7,28.5151,27.8486,0.6665,"[0, 2, None, 3, 1, 2, 4, 1, None, None]","[175, 177, 301, 357, 366]","[5.1705, 5.1818, 5.7104, 5.8805, 5.9054]",False,
S89,8,28.4175,27.9962,0.4213,"[0, 2, None, 3, 1, 2, 4, 1, None, 0]","[203, 177, 301, 357, 366]","[5.3181, 5.1818, 5.7104, 5.8805, 5.9054]",False,
N25,8,28.5151,28.0962,0.4189,"[0, 2, None, 3, 1, 2, 4, 1, None, 1]","[175, 227, 301, 357, 366]","[5.1705, 5.4293, 5.7104, 5.8805, 5.9054]",False,
N26,9,28.515,28.3238,0.1912,"[0, 2, 0, 3, 1, 2, 4, 1, None, 1]","[220, 227, 301, 357, 366]","[5.3982, 5.4293, 5.7104, 5.8805, 5.9054]",False,
L2,10,28.5054,28.5054,0.0,"[0, 2, 0, 3, 1, 2, 4, 1, 0, 1]","[264, 227, 301, 357, 366]","[5.5797, 5.4293, 5.7104, 5.8805, 5.9054]",False,
S97,10,28.3957,28.3957,0.0,"[0, 2, 0, 3, 1, 2, 4, 1, 1, 1]","[220, 244, 301, 357, 366]","[5.3982, 5.5013, 5.7104, 5.8805, 5.9054]",False,
S98,10,28.4305,28.4305,0.0,"[0, 2, 0, 3, 1, 2, 4, 1, 2, 1]","[220, 227, 335, 357, 366]","[5.3982, 5.4293, 5.8171, 5.8805, 5.9054]",False,
S99,10,28.3649,28.3649,0.0,"[0, 2, 0, 3, 1, 2, 4, 1, 3, 1]","[220, 227, 301, 372, 366]","[5.3982, 5.4293, 5.7104, 5.9216, 5.9054]",False,
S100,10,28.4395,28.4395,0.0,"[0, 2, 0, 3, 1, 2, 4, 1, 4, 1]","[220, 227, 301, 357, 411]","[5.3982, 5.4293, 5.7104, 5.8805, 6.021]",False,
S93,9,28.4154,28.1883,0.2271,"[0, 2, 1, 3, 1, 2, 4, 1, None, 1]","[175, 249, 301, 357, 366]","[5.1705, 5.5215, 5.7104, 5.8805, 5.9054]",False,
S94,9,28.4597,28.2322,0.2275,"[0, 2, 2, 3, 1, 2, 4, 1, None, 1]","[175, 227, 345, 357, 366]","[5.1705, 5.4293, 5.8464, 5.8805, 5.9054]",False,
S95,9,28.4195,28.192,0.2275,"[0, 2, 3, 3, 1, 2, 4, 1, None, 1]","[175, 227, 301, 393, 366]","[5.1705, 5.4293, 5.7104, 5.9764, 5.9054]",False,
S96,9,28.387,28.1595,0.2275,"[0, 2, 4, 3, 1, 2, 4, 1, None, 1]","[175, 227, 301, 357, 390]","[5.1705, 5.4293, 5.7104, 5.8805, 5.9687]",False,
S90,8,28.4515,27.9989,0.4526,"[0, 2, None, 3, 1, 2, 4, 1, None, 2]","[175, 177, 350, 357, 366]","[5.1705, 5.1818, 5.8608, 5.8805, 5.9054]",False,
S91,8,28.3893,27.9368,0.4526,"[0, 2, None, 3, 1, 2, 4, 1, None, 3]","[175, 177, 301, 390, 366]","[5.1705, 5.1818, 5.7104, 5.9687, 5.9054]",False,
S92,8,28.4193,27.9667,0.4526,"[0, 2, None, 3, 1, 2, 4, 1, None, 4]","[175, 177, 301, 357, 412]","[5.1705, 5.1818, 5.7104, 5.8805, 6.0234]",False,
N18,7,28.525,27.7085,0.8165,"[0, 2, None, 3, 2, 2, 4, 1, None, None]","[175, 117, 395, 357, 366]","[5.1705, 4.7707, 5.9814, 5.8805, 5.9054]",False,
S64,8,28.3648,27.8561,0.5087,"[0, 2, None, 3, 2, 2, 4, 1, None, 0]","[203, 117, 395, 357, 366]","[5.3181, 4.7707, 5.9814, 5.8805, 5.9054]",False,
N19,8,28.525,28.0618,0.4632,"[0, 2, None, 3, 2, 2, 4, 1, None, 1]","[175, 167, 395, 357, 366]","[5.1705, 5.124, 5.9814, 5.8805, 5.9054]",False,
S67,9,28.5051,28.2894,0.2157,"[0, 2, 0, 3, 2, 2, 4, 1, None, 1]","[220, 167, 395, 357, 366]","[5.3982, 5.124, 5.9814, 5.8805, 5.9054]",False,
S68,9,28.4182,28.1848,0.2334,"[0, 2, 1, 3, 2, 2, 4, 1, None, 1]","[175, 189, 395, 357, 366]","[5.1705, 5.247, 5.9814, 5.8805, 5.9054]",False,
S69,9,28.4111,28.1671,0.244,"[0, 2, 2, 3, 2, 2, 4, 1, None, 1]","[175, 167, 439, 357, 366]","[5.1705, 5.124, 6.0868, 5.8805, 5.9054]",False,
S70,9,28.4016,28.1576,0.244,"[0, 2, 3, 3, 2, 2, 4, 1, None, 1]","[175, 167, 395, 393, 366]","[5.1705, 5.124, 5.9814, 5.9764, 5.9054]",False,
S71,9,28.3691,28.1251,0.244,"[0, 2, 4, 3, 2, 2, 4, 1, None, 1]","[175, 167, 395, 357, 390]","[5.1705, 5.124, 5.9814, 5.8805, 5.9687]",False,
P2,8,28.3652,27.8251,0.54,"[0, 2, None, 3, 2, 2, 4, 1, None, 2]","[175, 117, 444, 357, 366]","[5.1705, 4.7707, 6.0981, 5.8805, 5.9054]",True,אי-היתכנות EF1
S65,8,28.3367,27.7967,0.54,"[0, 2, None, 3, 2, 2, 4, 1, None, 3]","[175, 117, 395, 390, 366]","[5.1705, 4.7707, 5.9814, 5.9687, 5.9054]",False,
S66,8,28.3666,27.8266,0.54,"[0, 2, None, 3, 2, 2, 4, 1, None, 4]","[175, 117, 395, 357, 412]","[5.1705, 4.7707, 5.9814, 5.8805, 6.0234]",False,
S23,7,28.4625,27.646,0.8165,"[0, 2, None, 3, 3, 2, 4, 1, None, None]","[175, 117, 301, 440, 366]","[5.1705, 4.7707, 5.7104, 6.089, 5.9054]",False,
S24,7,28.4399,27.6234,0.8165,"[0, 2, None, 3, 4, 2, 4, 1, None, None]","[175, 117, 301, 357, 441]","[5.1705, 4.7707, 5.7104, 5.8805, 6.0913]",False,
N13,6,28.5355,27.2981,1.2374,"[0, 3, None, 3, None, 2, 4, 1, None, None]","[175, 117, 197, 474, 366]","[5.1705, 4.7707, 5.2883, 6.1633, 5.9054]",False,
S42,7,28.2992,27.5029,0.7963,"[0, 3, None, 3, 0, 2, 4, 1, None, None]","[215, 117, 197, 474, 366]","[5.3753, 4.7707, 5.2883, 6.1633, 5.9054]",False,
S43,7,28.3916,27.7092,0.6824,"[0, 3, None, 3, 1, 2, 4, 1, None, None]","[175, 177, 197, 474, 366]","[5.1705, 5.1818, 5.2883, 6.1633, 5.9054]",False,
S44,7,28.5031,27.6866,0.8165,"[0, 3, None, 3, 2, 2, 4, 1, None, None]","[175, 117, 291, 474, 366]","[5.1705, 4.7707, 5.6768, 6.1633, 5.9054]",False,
S45,7,28.2803,27.4592,0.8212,"[0, 3, None, 3, 3, 2, 4, 1, None, None]","[175, 117, 197, 557, 366]","[5.1705, 4.7707, 5.2883, 6.3244, 5.9054]",False,
S46,7,28.3052,27.4841,0.8212,"[0, 3, None, 3, 4, 2, 4, 1, None, None]","[175, 117, 197, 474, 441]","[5.1705, 4.7707, 5.2883, 6.1633, 6.0913]",False,
S21,6,28.3635,27.1261,1.2374,"[0, 4, None, 3, None, 2, 4, 1, None, None]","[175, 117, 197, 357, 409]","[5.1705, 4.7707, 5.2883, 5.8805, 6.0162]",False,
N27,5,28.5147,22.5585,5.9562,"[0, None, None, 3, None, 2, 4, 2, None, None]","[175, 0, 270, 357, 366]","[5.1705, 0.0, 5.6021, 5.8805, 5.9054]",False,
S101,6,28.2008,22.8811,5.3197,"[0, 0, None, 3, None, 2, 4, 2, None, None]","[242, 0, 270, 357, 366]","[5.4931, 0.0, 5.6021, 5.8805, 5.9054]",False,
S102,6,28.3416,26.807,1.5346,"[0, 1, None, 3, None, 2, 4, 2, None, None]","[175, 69, 270, 357, 366]","[5.1705, 4.2485, 5.6021, 5.8805, 5.9054]",False,
P3,6,28.288,22.8833,5.4047,"[0, 2, None, 3, None, 2, 4, 2, None, None]","[175, 0, 374, 357, 366]","[5.1705, 0.0, 5.9269, 5.8805, 5.9054]",True,אי-היתכנות EF1
S103,6,28.246,22.8413,5.4047,"[0, 3, None, 3, None, 2, 4, 2, None, None]","[175, 0, 270, 474, 366]","[5.1705, 0.0, 5.6021, 6.1633, 5.9054]",False,
S104,6,28.074,22.6693,5.4047,"[0, 4, None, 3, None, 2, 4, 2, None, None]","[175, 0, 270, 357, 409]","[5.1705, 0.0, 5.6021, 5.8805, 6.0162]",False,
S19,5,28.3641,22.363,6.001,"[0, None, None, 3, None, 2, 4, 3, None, None]","[175, 0, 197, 402, 366]","[5.1705, 0.0, 5.2883, 5.9989, 5.9054]",False,
S20,5,28.4824,22.4813,6.001,"[0, None, None, 3, None, 2, 4, 4, None, None]","[175, 0, 197, 357, 464]","[5.1705, 0.0, 5.2883, 5.8805, 6.142]",False,
N9,4,28.6253,22.1176,6.5077,"[1, None, None, 3, None, 2, 4, None, None, None]","[0, 154, 197, 357, 366]","[0.0, 5.0434, 5.2883, 5.8805, 5.9054]",False,
S25,5,28.5024,26.5602,1.9421,"[1, None, None, 3, None, 2, 4, 0, None, None]","[84, 154, 197, 357, 366]","[4.4427, 5.0434, 5.2883, 5.8805, 5.9054]",False,
N10,5,28.5995,22.68,5.9196,"[1, None, None, 3, None, 2, 4, 1, None, None]","[0, 271, 197, 357, 366]","[0.0, 5.6058, 5.2883, 5.8805, 5.9054]",False,
S29,6,28.4246,26.8995,1.5251,"[1, 0, None, 3, None, 2, 4, 1, None, None]","[67, 271, 197, 357, 366]","[4.2195, 5.6058, 5.2883, 5.8805, 5.9054]",False,
S30,6,28.2971,22.906,5.3911,"[1, 1, None, 3, None, 2, 4, 1, None, None]","[0, 340, 197, 357, 366]","[0.0, 5.8319, 5.2883, 5.8805, 5.9054]",False,
S31,6,28.4192,23.1021,5.3171,"[1, 2, None, 3, None, 2, 4, 1, None, None]","[0, 271, 301, 357, 366]","[0.0, 5.6058, 5.7104, 5.8805, 5.9054]",False,
S32,6,28.3539,22.9627,5.3911,"[1, 3, None, 3, None, 2, 4, 1, None, None]","[0, 271, 197, 474, 366]","[0.0, 5.6058, 5.2883, 6.1633, 5.9054]",False,
S33,6,28.1819,22.7908,5.3911,"[1, 4, None, 3, None, 2, 4, 1, None, None]","[0, 271, 197, 357, 409]","[0.0, 5.6058, 5.2883, 5.8805, 6.0162]",False,
S26,5,28.4464,22.4314,6.015,"[1, None, None, 3, None, 2, 4, 2, None, None]","[0, 154, 270, 357, 366]","[0.0, 5.0434, 5.6021, 5.8805, 5.9054]",False,
S27,5,28.2817,22.236,6.0457,"[1, None, None, 3, None, 2, 4, 3, None, None]","[0, 154, 197, 402, 366]","[0.0, 5.0434, 5.2883, 5.9989, 5.9054]",False,
S28,5,28.3999,22.3543,6.0457,"[1, None, None, 3, None, 2, 4, 4, None, None]","[0, 154, 197, 357, 464]","[0.0, 5.0434, 5.2883, 5.8805, 6.142]",False,
S16,4,28.4155,17.4963,10.9192,"[2, None, None, 3, None, 2, 4, None, None, None]","[0, 0, 301, 357, 366]","[0.0, 0.0, 5.7104, 5.8805, 5.9054]",False,
S17,4,28.2558,17.327,10.9288,"[3, None, None, 3, None, 2, 4, None, None, None]","[0, 0, 197, 460, 366]","[0.0, 0.0, 5.2883, 6.1334, 5.9054]",False,
S18,4,28.2672,17.3384,10.9288,"[4, None, None, 3, None, 2, 4, None, None, None]","[0, 0, 197, 357, 477]","[0.0, 0.0, 5.2883, 5.8805, 6.1696]",False,
S14,3,28.2385,12.122,16.1166,"[None, None, None, 3, None, 3, 4, None, None, None]","[0, 0, 0, 500, 366]","[0.0, 0.0, 0.0, 6.2166, 5.9054]",False,
S15,3,28.1709,12.0543,16.1166,"[None, None, None, 3, None, 4, 4, None, None, None]","[0, 0, 0, 357, 479]","[0.0, 0.0, 0.0, 5.8805, 6.1738]",False,
N2,1,28.7699,5.9216,22.8483,"[None, None, None, 4, None, None, None, None, None, None]","[0, 0, 0, 0, 372]","[0.0, 0.0, 0.0, 0.0, 5.9216]",False,
S3,2,28.0749,11.0806,16.9942,"[None, None, None, 4, None, None, 0, None, None, None]","[173, 0, 0, 0, 372]","[5.1591, 0.0, 0.0, 0.0, 5.9216]",False,
S4,2,28.3558,11.435,16.9208,"[None, None, None, 4, None, None, 1, None, None, None]","[0, 247, 0, 0, 372]","[0.0, 5.5134, 0.0, 0.0, 5.9216]",False,
S5,2,28.0788,11.0864,16.9924,"[None, None, None, 4, None, None, 2, None, None, None]","[0, 0, 174, 0, 372]","[0.0, 0.0, 5.1648, 0.0, 5.9216]",False,
S6,2,28.3337,11.4105,16.9232,"[None, None, None, 4, None, None, 3, None, None, None]","[0, 0, 0, 241, 372]","[0.0, 0.0, 0.0, 5.4889, 5.9216]",False,
S7,2,28.0127,6.6053,21.4074,"[None, None, None, 4, None, None, 4, None, None, None]","[0, 0, 0, 0, 738]","[0.0, 0.0, 0.0, 0.0, 6.6053]",False,
